bunker_date,vessel_id,port_name,fuel_grade,quantity_mt,unit_price_usd,total_cost_usd,supplier,rob_before_mt,rob_after_mt,source_system,ingestion_date
2022-03-18,73,Hamburg,LSMGO,1233.59,755.48,931952.57,Peninsula,1048.28,1758.79,BUNKERWORLD,2026-04-06
2022-02-22,87,Hamburg,MGO,1025.36,526.02,539359.87,Bomin,1192.2,2088.65,BUNKERWORLD,2026-04-06
2022-02-22,71,Busan,LNG,552.43,830.66,458881.5,Bomin,1214.07,2459.2,BUNKERWORLD,2026-04-06
2022-02-06,19,Montreal,LNG,1603.15,764.86,1226185.31,Integr8,1763.23,1389.92,BUNKERWORLD,2026-04-06
2022-03-09,108,Houston,HFO,1674.01,637.95,1067934.68,Bomin,225.42,620.42,BUNKERWORLD,2026-04-06
2022-03-11,150,Rotterdam,LSMGO,1564.33,532.34,832755.43,World Fuel Services,1542.78,1042.72,BUNKERWORLD,2026-04-06
2022-02-18,56,Dubai,VLSFO,2925.41,589.61,1724850.99,Bomin,1304.59,660.0,BUNKERWORLD,2026-04-06
2022-01-04,57,Singapore,LSMGO,2085.39,408.08,851005.95,World Fuel Services,1487.03,2291.05,BUNKERWORLD,2026-04-06
2022-01-25,3,Rotterdam,MGO,297.8,481.57,143411.55,Integr8,1895.77,2122.89,BUNKERWORLD,2026-04-06
2022-02-18,31,Dubai,HFO,412.17,811.34,334410.01,Integr8,480.21,2534.61,BUNKERWORLD,2026-04-06
2022-01-18,57,Santos,MGO,1174.52,759.11,891589.88,Bunker One,119.6,2865.85,BUNKERWORLD,2026-04-06
2022-02-08,11,Montreal,LNG,1997.4,730.48,1459060.75,Bunker One,867.8,2339.89,BUNKERWORLD,2026-04-06
2022-02-28,69,Montreal,HFO,1978.43,562.7,1113262.56,Bunker One,608.94,673.63,BUNKERWORLD,2026-04-06
2022-01-19,121,Santos,LNG,1072.47,807.67,866201.84,Bomin,1840.85,983.08,BUNKERWORLD,2026-04-06
2021-12-30,56,Singapore,MGO,853.99,406.27,346950.52,World Fuel Services,1675.35,1473.53,BUNKERWORLD,2026-04-06
2022-02-13,50,Houston,VLSFO,376.66,486.76,183343.02,Bunker One,1863.71,1786.78,BUNKERWORLD,2026-04-06
2022-03-01,51,Houston,LSMGO,1135.42,732.65,831865.46,Bunker One,1692.02,2409.0,BUNKERWORLD,2026-04-06
2022-01-14,59,Santos,LSMGO,725.71,779.92,565995.74,Bunker One,148.6,2402.9,BUNKERWORLD,2026-04-06
2022-01-21,61,Dubai,HFO,1846.16,567.68,1048028.11,World Fuel Services,181.48,2579.83,BUNKERWORLD,2026-04-06
2022-01-05,40,Montreal,VLSFO,2272.72,674.27,1532426.91,Bomin,260.9,1178.76,BUNKERWORLD,2026-04-06
2022-02-16,62,Singapore,LSMGO,375.64,607.25,228107.39,Bomin,576.6,1772.76,BUNKERWORLD,2026-04-06
2021-12-31,18,Rotterdam,HFO,1798.65,502.4,903641.76,Peninsula,555.11,875.33,BUNKERWORLD,2026-04-06
2022-01-02,140,Rotterdam,HFO,1049.7,565.12,593206.46,Bunker One,1880.17,1481.07,BUNKERWORLD,2026-04-06
2022-02-01,1,Houston,MGO,253.08,671.86,170034.33,Bunker One,469.73,2023.26,BUNKERWORLD,2026-04-06
2022-02-14,73,Santos,VLSFO,725.39,388.01,281458.57,Integr8,468.5,2158.99,BUNKERWORLD,2026-04-06
2022-01-14,139,Busan,VLSFO,2062.13,793.35,1635990.84,Bomin,1286.23,2085.85,BUNKERWORLD,2026-04-06
2022-03-25,144,Dubai,LNG,2899.16,386.63,1120902.23,Peninsula,1752.83,1604.03,BUNKERWORLD,2026-04-06
2022-01-11,122,Hamburg,MGO,2357.35,781.81,1842999.8,Bomin,668.26,2168.12,BUNKERWORLD,2026-04-06
2022-01-15,52,Santos,LNG,626.01,608.23,380758.06,World Fuel Services,632.69,534.67,BUNKERWORLD,2026-04-06
2022-03-17,123,Montreal,VLSFO,1654.82,780.81,1292100.0,Peninsula,943.42,2797.0,BUNKERWORLD,2026-04-06
2022-01-07,8,Santos,VLSFO,2655.51,659.18,1750459.08,Bunker One,1969.73,815.35,BUNKERWORLD,2026-04-06
2022-03-07,127,Singapore,VLSFO,1568.96,372.64,584657.25,Peninsula,998.2,722.05,BUNKERWORLD,2026-04-06
2022-01-19,120,Montreal,HFO,1189.95,807.39,960753.73,Peninsula,764.05,2795.87,BUNKERWORLD,2026-04-06
2022-02-11,81,Shanghai,HFO,427.95,761.31,325802.61,Bomin,274.93,2723.08,BUNKERWORLD,2026-04-06
2022-02-16,46,Dubai,LNG,1898.34,523.39,993572.17,Peninsula,524.92,704.73,BUNKERWORLD,2026-04-06
2022-03-05,124,Busan,LNG,1821.58,386.86,704696.44,Peninsula,1720.83,2026.7,BUNKERWORLD,2026-04-06
2022-01-01,71,Montreal,LNG,2709.49,523.39,1418119.97,Peninsula,1213.62,1897.09,BUNKERWORLD,2026-04-06
2022-01-21,82,Dubai,VLSFO,112.23,409.14,45917.78,Peninsula,1939.79,2409.16,BUNKERWORLD,2026-04-06
2022-03-25,65,Melbourne,LSMGO,1858.48,566.86,1053497.97,Bomin,1188.64,800.88,BUNKERWORLD,2026-04-06
2022-03-24,113,Melbourne,HFO,170.54,566.23,96564.86,World Fuel Services,1374.44,2979.13,BUNKERWORLD,2026-04-06
2022-03-20,116,Rotterdam,HFO,2766.79,374.83,1037075.9,Bunker One,1631.8,2859.47,BUNKERWORLD,2026-04-06
2022-03-06,70,Hamburg,LSMGO,1406.02,673.33,946715.45,Bomin,132.0,1038.59,BUNKERWORLD,2026-04-06
2022-02-12,137,Melbourne,VLSFO,2393.08,492.26,1178017.56,Peninsula,1082.02,2809.78,BUNKERWORLD,2026-04-06
2022-02-22,123,Santos,LNG,904.63,720.71,651975.89,Bunker One,1657.75,2019.42,BUNKERWORLD,2026-04-06
2022-01-22,101,Montreal,LNG,858.94,439.59,377581.43,Integr8,238.61,1393.42,BUNKERWORLD,2026-04-06
2022-01-09,141,Dubai,LSMGO,2929.48,810.24,2373581.88,Bomin,663.58,1620.81,BUNKERWORLD,2026-04-06
2021-12-30,102,Houston,VLSFO,2434.57,805.73,1961606.09,Bomin,1825.54,2703.01,BUNKERWORLD,2026-04-06
2022-03-07,56,Busan,VLSFO,550.88,600.51,330808.95,Peninsula,1077.75,530.59,BUNKERWORLD,2026-04-06
2021-12-29,6,Santos,HFO,287.79,794.83,228744.13,Peninsula,1926.66,2630.19,BUNKERWORLD,2026-04-06
2022-03-22,60,Houston,MGO,2805.78,443.51,1244391.49,Bunker One,1437.76,2074.25,BUNKERWORLD,2026-04-06
2022-03-26,24,Montreal,MGO,2204.84,460.51,1015350.87,World Fuel Services,1400.72,2571.6,BUNKERWORLD,2026-04-06
2022-01-03,91,Montreal,LSMGO,2931.33,653.48,1915565.53,Peninsula,1946.73,2078.38,BUNKERWORLD,2026-04-06
2022-01-10,27,Shanghai,LNG,172.25,526.19,90636.23,Bunker One,1799.26,2506.9,BUNKERWORLD,2026-04-06
2022-01-17,2,Houston,LSMGO,707.86,794.52,562408.93,Integr8,1284.02,2639.24,BUNKERWORLD,2026-04-06
2022-01-06,35,Hamburg,LNG,2864.86,467.94,1340582.59,World Fuel Services,909.53,1309.18,BUNKERWORLD,2026-04-06
2022-02-01,45,Shanghai,HFO,655.38,606.87,397730.46,Bomin,1817.4,637.28,BUNKERWORLD,2026-04-06
2022-01-08,128,Busan,MGO,1292.35,426.14,550722.03,World Fuel Services,539.6,1358.95,BUNKERWORLD,2026-04-06
2022-03-19,35,Dubai,HFO,712.02,700.73,498933.77,Bunker One,1457.79,1883.67,BUNKERWORLD,2026-04-06
2022-01-20,140,Rotterdam,LNG,363.57,606.78,220607.0,Integr8,1645.23,2268.8,BUNKERWORLD,2026-04-06
2022-02-13,135,Rotterdam,LNG,320.79,617.67,198142.36,Bomin,797.69,1790.58,BUNKERWORLD,2026-04-06
2022-02-02,44,Rotterdam,MGO,585.47,358.25,209744.63,Bunker One,1707.27,965.14,BUNKERWORLD,2026-04-06
2022-03-21,58,Melbourne,LSMGO,522.43,487.28,254569.69,Bunker One,1405.49,1599.55,BUNKERWORLD,2026-04-06
2022-03-20,20,Rotterdam,MGO,2943.77,642.66,1891843.23,Bunker One,1187.48,579.17,BUNKERWORLD,2026-04-06
2022-02-01,71,Shanghai,MGO,1754.82,648.17,1137421.68,Bomin,850.65,1333.79,BUNKERWORLD,2026-04-06
2022-01-09,14,Houston,MGO,1469.92,540.68,794756.35,Peninsula,375.25,2556.88,BUNKERWORLD,2026-04-06
2021-12-30,118,Rotterdam,HFO,312.53,762.67,238357.26,Bomin,1165.27,2157.24,BUNKERWORLD,2026-04-06
2022-01-21,24,Houston,MGO,976.43,367.47,358808.73,World Fuel Services,573.41,1598.48,BUNKERWORLD,2026-04-06
2022-01-15,81,Shanghai,LNG,100.49,408.69,41069.26,Peninsula,897.89,1520.87,BUNKERWORLD,2026-04-06
2022-03-23,146,Dubai,LNG,673.81,633.47,426838.42,Bomin,818.54,1660.89,BUNKERWORLD,2026-04-06
2022-02-21,104,Singapore,LSMGO,2574.91,387.92,998859.09,World Fuel Services,1639.12,522.4,BUNKERWORLD,2026-04-06
2022-02-05,100,Hamburg,LSMGO,1968.32,589.11,1159557.0,Bomin,409.72,737.37,BUNKERWORLD,2026-04-06
2022-01-07,45,Houston,LSMGO,467.25,655.53,306296.39,World Fuel Services,1100.39,872.11,BUNKERWORLD,2026-04-06
2022-01-30,27,Montreal,LSMGO,1235.39,393.38,485977.72,Bomin,1249.33,792.46,BUNKERWORLD,2026-04-06
2021-12-29,102,Singapore,LSMGO,2270.21,814.55,1849199.56,Peninsula,1695.12,1701.54,BUNKERWORLD,2026-04-06
2022-02-20,5,Busan,VLSFO,1105.07,527.42,582836.02,Bomin,1608.67,2923.94,BUNKERWORLD,2026-04-06
2022-02-04,50,Shanghai,VLSFO,1073.65,412.61,442998.73,Peninsula,1057.52,1918.0,BUNKERWORLD,2026-04-06
2022-03-05,68,Santos,LNG,2136.81,473.35,1011459.01,Integr8,1787.06,2524.72,BUNKERWORLD,2026-04-06
2022-02-26,52,Houston,VLSFO,2176.18,444.45,967203.2,World Fuel Services,1893.57,1342.41,BUNKERWORLD,2026-04-06
2022-01-24,80,Rotterdam,LNG,2811.0,385.26,1082965.86,Bunker One,1491.36,2905.18,BUNKERWORLD,2026-04-06
2022-01-18,146,Melbourne,LNG,2444.76,724.19,1770470.74,Bomin,544.07,658.39,BUNKERWORLD,2026-04-06
2022-02-18,98,Santos,VLSFO,951.7,621.92,591881.26,Bomin,104.66,1067.95,BUNKERWORLD,2026-04-06
2022-03-02,107,Hamburg,LSMGO,334.59,382.85,128097.78,Bomin,281.78,2265.75,BUNKERWORLD,2026-04-06
2022-03-08,9,Montreal,MGO,1682.33,542.45,912579.91,Peninsula,681.29,1482.08,BUNKERWORLD,2026-04-06
2022-03-03,61,Shanghai,LNG,1043.05,372.91,388963.78,Peninsula,831.93,2985.88,BUNKERWORLD,2026-04-06
2022-03-25,63,Rotterdam,HFO,2123.73,720.72,1530614.69,Peninsula,869.93,581.42,BUNKERWORLD,2026-04-06
2022-02-11,125,Busan,HFO,209.07,743.94,155535.54,Bomin,533.33,1468.76,BUNKERWORLD,2026-04-06
2022-03-04,6,Dubai,HFO,2976.19,548.15,1631398.55,World Fuel Services,1613.07,1035.47,BUNKERWORLD,2026-04-06
2022-01-18,19,Melbourne,MGO,815.05,578.54,471539.03,World Fuel Services,416.25,998.38,BUNKERWORLD,2026-04-06
2022-02-01,150,Montreal,LNG,2958.23,392.1,1159921.98,World Fuel Services,1152.38,2012.14,BUNKERWORLD,2026-04-06
2022-03-13,71,Melbourne,HFO,725.42,681.07,494061.8,Bunker One,998.17,2754.6,BUNKERWORLD,2026-04-06
2022-03-03,47,Houston,LNG,351.89,570.75,200841.22,Bunker One,1804.9,2491.09,BUNKERWORLD,2026-04-06
2022-01-08,98,Dubai,MGO,2320.63,351.06,814680.37,Peninsula,685.87,1159.76,BUNKERWORLD,2026-04-06
2022-01-16,26,Hamburg,LNG,2932.34,802.51,2353232.17,World Fuel Services,149.49,1205.03,BUNKERWORLD,2026-04-06
2022-03-10,111,Santos,MGO,276.66,501.34,138700.72,Bunker One,1532.34,1212.79,BUNKERWORLD,2026-04-06
2022-01-25,112,Dubai,LSMGO,209.92,537.18,112764.83,Bomin,774.47,2283.64,BUNKERWORLD,2026-04-06
2022-01-17,52,Melbourne,MGO,2523.15,558.87,1410112.84,Integr8,1123.35,693.45,BUNKERWORLD,2026-04-06
2022-03-03,27,Houston,MGO,1357.46,769.27,1044253.25,Integr8,1761.63,2289.9,BUNKERWORLD,2026-04-06
2021-12-28,143,Montreal,MGO,1942.1,628.75,1221095.38,Bunker One,1240.47,1628.48,BUNKERWORLD,2026-04-06
2022-03-04,112,Houston,LNG,1599.72,713.14,1140824.32,World Fuel Services,1248.98,2565.1,BUNKERWORLD,2026-04-06
2022-03-04,39,Shanghai,HFO,359.7,674.53,242628.44,Integr8,1507.2,2862.32,BUNKERWORLD,2026-04-06
2022-01-12,117,Santos,VLSFO,337.78,830.51,280529.67,Bomin,1182.21,2367.85,BUNKERWORLD,2026-04-06
2022-02-09,42,Dubai,MGO,1510.49,617.6,932878.62,Bomin,1575.2,2796.53,BUNKERWORLD,2026-04-06
2022-02-08,79,Busan,HFO,2663.96,846.31,2254535.99,Bunker One,1879.49,2102.15,BUNKERWORLD,2026-04-06
2022-01-01,150,Dubai,VLSFO,1495.99,509.47,762162.03,Peninsula,936.75,1567.89,BUNKERWORLD,2026-04-06
2022-02-15,38,Melbourne,VLSFO,2422.14,489.81,1186388.39,Bunker One,1320.42,987.45,BUNKERWORLD,2026-04-06
2021-12-27,37,Melbourne,LNG,2977.89,571.23,1701060.1,World Fuel Services,1508.8,875.33,BUNKERWORLD,2026-04-06
2022-01-18,49,Montreal,LNG,665.95,720.84,480043.4,Peninsula,244.48,1338.15,BUNKERWORLD,2026-04-06
2022-03-15,75,Shanghai,VLSFO,2007.66,493.49,990760.13,Integr8,1129.54,2171.1,BUNKERWORLD,2026-04-06
2022-03-07,147,Montreal,LSMGO,1533.72,650.88,998267.67,World Fuel Services,1126.32,1661.11,BUNKERWORLD,2026-04-06
2022-03-25,61,Melbourne,HFO,766.87,397.42,304769.48,Bunker One,1781.59,2956.42,BUNKERWORLD,2026-04-06
2022-03-03,20,Houston,HFO,1911.97,695.46,1329698.66,Bunker One,1138.51,1721.74,BUNKERWORLD,2026-04-06
2022-03-20,73,Singapore,LNG,1613.75,731.76,1180877.7,Bunker One,444.49,2266.07,BUNKERWORLD,2026-04-06
2022-01-09,81,Shanghai,LNG,1907.8,681.93,1300986.05,Integr8,1700.31,583.21,BUNKERWORLD,2026-04-06
2022-01-05,111,Melbourne,HFO,2334.58,674.47,1574604.17,World Fuel Services,783.3,2907.51,BUNKERWORLD,2026-04-06
2022-03-17,10,Busan,LSMGO,2092.57,499.08,1044359.84,Peninsula,1449.02,1647.32,BUNKERWORLD,2026-04-06
2022-03-20,11,Dubai,LNG,2981.49,696.95,2077949.46,Integr8,977.31,641.16,BUNKERWORLD,2026-04-06
2022-03-24,5,Montreal,VLSFO,1221.62,735.81,898880.21,Bomin,906.48,2675.79,BUNKERWORLD,2026-04-06
2022-01-15,12,Rotterdam,VLSFO,1802.61,677.59,1221430.51,Integr8,1426.09,1642.85,BUNKERWORLD,2026-04-06
2022-03-26,128,Melbourne,LNG,1042.29,450.42,469468.26,Peninsula,1105.34,2054.23,BUNKERWORLD,2026-04-06
2022-03-21,122,Montreal,VLSFO,344.51,558.82,192519.08,World Fuel Services,958.24,721.17,BUNKERWORLD,2026-04-06
2022-03-05,56,Santos,LNG,2781.13,502.06,1396294.13,Integr8,638.04,1018.41,BUNKERWORLD,2026-04-06
2022-01-26,144,Montreal,LNG,1715.5,660.1,1132401.55,Bunker One,835.84,556.12,BUNKERWORLD,2026-04-06
2022-01-26,58,Santos,MGO,1439.95,646.48,930898.88,Integr8,1043.7,2794.22,BUNKERWORLD,2026-04-06
2022-01-06,119,Hamburg,VLSFO,1427.64,646.07,922355.37,Bunker One,1226.68,2376.83,BUNKERWORLD,2026-04-06
2022-02-04,138,Hamburg,HFO,1799.11,568.9,1023513.68,Integr8,461.63,2635.61,BUNKERWORLD,2026-04-06
2022-01-15,68,Busan,HFO,2927.88,406.46,1190066.1,World Fuel Services,1013.37,2737.2,BUNKERWORLD,2026-04-06
2022-01-27,101,Rotterdam,VLSFO,1183.8,409.37,484612.21,Peninsula,1541.15,2978.0,BUNKERWORLD,2026-04-06
2022-01-15,105,Santos,LSMGO,2129.2,728.37,1550845.4,Integr8,548.7,2086.42,BUNKERWORLD,2026-04-06
2022-03-24,114,Rotterdam,VLSFO,2031.67,713.32,1449230.84,Integr8,424.39,2753.63,BUNKERWORLD,2026-04-06
2022-01-18,9,Busan,HFO,2384.16,782.1,1864651.54,Bomin,129.58,1389.89,BUNKERWORLD,2026-04-06
2022-01-04,133,Montreal,VLSFO,197.4,748.48,147749.95,World Fuel Services,1710.27,2145.81,BUNKERWORLD,2026-04-06
2022-03-14,123,Melbourne,VLSFO,574.79,522.98,300603.67,Bunker One,244.16,1985.8,BUNKERWORLD,2026-04-06
2022-03-22,38,Hamburg,LSMGO,1558.83,472.84,737077.18,Bomin,1918.03,1595.25,BUNKERWORLD,2026-04-06
2022-01-30,37,Dubai,VLSFO,1284.94,354.69,455755.37,Bomin,1604.32,2525.5,BUNKERWORLD,2026-04-06
2022-03-11,120,Rotterdam,HFO,1829.57,515.29,942759.13,Bomin,486.45,2612.92,BUNKERWORLD,2026-04-06
2022-03-09,75,Houston,LSMGO,288.52,386.12,111403.34,Bomin,1718.5,1271.72,BUNKERWORLD,2026-04-06
2022-03-23,29,Dubai,LSMGO,2433.34,766.84,1865982.45,Bunker One,711.37,2380.19,BUNKERWORLD,2026-04-06
2022-03-06,53,Houston,HFO,1917.87,449.47,862025.03,Bunker One,1611.57,2116.12,BUNKERWORLD,2026-04-06
2022-01-23,149,Busan,LNG,283.15,446.29,126367.01,Peninsula,1040.27,2222.4,BUNKERWORLD,2026-04-06
2022-01-10,135,Santos,VLSFO,419.16,673.81,282434.2,Bomin,1093.41,1568.47,BUNKERWORLD,2026-04-06
2022-01-04,123,Hamburg,MGO,2615.91,599.09,1567165.52,Integr8,954.78,2089.35,BUNKERWORLD,2026-04-06
2022-01-27,141,Santos,LNG,2241.1,379.48,850452.63,Bomin,148.12,1737.35,BUNKERWORLD,2026-04-06
2022-02-06,112,Santos,LNG,645.71,395.65,255475.16,Peninsula,1630.64,786.13,BUNKERWORLD,2026-04-06
2022-02-03,79,Dubai,LNG,2723.72,422.74,1151425.39,Bunker One,1374.77,2588.25,BUNKERWORLD,2026-04-06
2022-01-28,7,Houston,LNG,1333.17,727.91,970427.77,Bomin,717.56,991.64,BUNKERWORLD,2026-04-06
2022-03-04,26,Melbourne,VLSFO,634.37,433.95,275284.86,World Fuel Services,1547.6,2855.09,BUNKERWORLD,2026-04-06
2022-03-22,39,Melbourne,LNG,1191.64,750.2,893968.33,Peninsula,372.73,2907.12,BUNKERWORLD,2026-04-06
2022-01-10,60,Shanghai,LNG,2613.51,650.19,1699278.07,Bunker One,1795.28,2922.65,BUNKERWORLD,2026-04-06
2022-01-08,14,Singapore,LNG,2649.91,485.65,1286928.79,World Fuel Services,1554.78,2874.33,BUNKERWORLD,2026-04-06
2022-01-01,140,Busan,MGO,1504.54,377.1,567362.03,Bunker One,532.51,2710.62,BUNKERWORLD,2026-04-06
2021-12-27,109,Houston,LSMGO,2626.75,737.65,1937622.14,World Fuel Services,955.01,1612.39,BUNKERWORLD,2026-04-06
2022-03-18,139,Dubai,LNG,2036.8,678.0,1380950.4,Integr8,1054.69,2731.51,BUNKERWORLD,2026-04-06
2022-02-14,127,Singapore,VLSFO,1627.23,733.88,1194191.55,World Fuel Services,589.55,2315.52,BUNKERWORLD,2026-04-06
2022-02-27,79,Rotterdam,LNG,2155.62,544.64,1174036.88,World Fuel Services,1878.33,1121.0,BUNKERWORLD,2026-04-06
2022-03-10,74,Dubai,VLSFO,1465.82,540.46,792217.08,Peninsula,559.31,2605.72,BUNKERWORLD,2026-04-06
2022-02-07,60,Singapore,VLSFO,961.39,801.09,770159.92,Bunker One,1299.31,1683.78,BUNKERWORLD,2026-04-06
2022-02-14,122,Dubai,MGO,1371.09,684.71,938799.03,Peninsula,1717.18,2820.73,BUNKERWORLD,2026-04-06
2022-02-07,118,Houston,LNG,1821.57,622.97,1134783.46,Peninsula,1445.51,1913.11,BUNKERWORLD,2026-04-06
2022-02-25,97,Melbourne,LNG,1887.83,746.66,1409567.15,Integr8,895.38,2125.4,BUNKERWORLD,2026-04-06
2022-01-04,31,Santos,LNG,2884.63,833.47,2404252.57,Bomin,1724.83,2063.94,BUNKERWORLD,2026-04-06
2022-03-20,79,Santos,HFO,2864.4,693.57,1986661.91,Integr8,1029.53,2522.61,BUNKERWORLD,2026-04-06
2022-02-16,41,Dubai,MGO,2901.36,606.0,1758224.16,Integr8,1783.57,2561.82,BUNKERWORLD,2026-04-06
2022-01-14,46,Hamburg,HFO,1229.29,485.35,596635.9,Peninsula,196.8,1404.28,BUNKERWORLD,2026-04-06
2022-03-16,130,Houston,LSMGO,445.96,356.75,159096.23,Peninsula,883.48,986.0,BUNKERWORLD,2026-04-06
2022-02-20,56,Santos,MGO,1341.31,714.88,958875.69,Peninsula,1881.07,1148.26,BUNKERWORLD,2026-04-06
2022-03-12,23,Houston,HFO,1675.12,802.12,1343647.25,World Fuel Services,1752.07,528.73,BUNKERWORLD,2026-04-06
2022-03-09,79,Melbourne,LSMGO,1122.77,605.75,680117.93,Integr8,447.88,1696.9,BUNKERWORLD,2026-04-06
2022-02-13,28,Busan,LNG,2517.28,593.38,1493703.61,Bunker One,587.66,1621.86,BUNKERWORLD,2026-04-06
2022-03-01,138,Montreal,LSMGO,1089.85,640.32,697852.75,Bomin,1334.93,2936.51,BUNKERWORLD,2026-04-06
2022-01-26,58,Melbourne,HFO,1826.17,849.71,1551714.91,Peninsula,881.05,1290.9,BUNKERWORLD,2026-04-06
2022-02-17,102,Santos,HFO,456.31,450.88,205741.05,Peninsula,1951.55,1542.31,BUNKERWORLD,2026-04-06
2021-12-28,121,Singapore,LNG,1019.81,659.88,672952.22,Integr8,1785.0,1351.74,BUNKERWORLD,2026-04-06
2022-03-02,31,Dubai,LNG,1795.53,818.12,1468959.0,Bomin,204.6,2301.77,BUNKERWORLD,2026-04-06
2022-02-17,95,Dubai,HFO,250.37,705.58,176656.06,Bomin,614.83,2902.52,BUNKERWORLD,2026-04-06
2022-03-23,110,Shanghai,LNG,997.32,539.67,538223.68,Bunker One,966.47,1947.44,BUNKERWORLD,2026-04-06
2022-03-26,129,Singapore,LNG,1594.76,462.41,737432.97,Peninsula,503.62,1135.78,BUNKERWORLD,2026-04-06
2022-01-18,16,Hamburg,LNG,2770.59,436.84,1210304.54,Bomin,719.13,1291.22,BUNKERWORLD,2026-04-06
2022-01-11,66,Santos,LNG,1156.91,354.13,409696.54,Bomin,1968.27,1238.73,BUNKERWORLD,2026-04-06
2022-03-03,99,Melbourne,LNG,2984.25,768.85,2294440.61,Integr8,1945.13,622.75,BUNKERWORLD,2026-04-06
2022-03-14,34,Rotterdam,LNG,1339.77,405.68,543517.89,Integr8,1768.96,574.05,BUNKERWORLD,2026-04-06
2022-03-24,18,Montreal,LSMGO,1573.28,373.43,587509.95,Integr8,1115.12,651.02,BUNKERWORLD,2026-04-06
2022-03-24,33,Shanghai,HFO,1932.14,576.41,1113704.82,Bunker One,1002.51,558.9,BUNKERWORLD,2026-04-06
2022-01-10,65,Melbourne,VLSFO,742.92,767.47,570168.81,Bomin,221.78,1188.27,BUNKERWORLD,2026-04-06
2022-01-03,105,Hamburg,LSMGO,2498.32,497.02,1241715.01,World Fuel Services,1855.14,1888.5,BUNKERWORLD,2026-04-06
2022-02-14,129,Singapore,LNG,1666.13,627.56,1045596.54,World Fuel Services,1016.34,1028.67,BUNKERWORLD,2026-04-06
2022-02-11,148,Busan,HFO,2010.64,766.44,1541034.92,Peninsula,164.05,1907.07,BUNKERWORLD,2026-04-06
2022-02-25,111,Dubai,MGO,2747.58,666.89,1832333.63,World Fuel Services,1486.28,650.48,BUNKERWORLD,2026-04-06
2022-01-30,86,Busan,MGO,2745.77,714.53,1961935.04,Integr8,427.25,505.31,BUNKERWORLD,2026-04-06
2022-02-01,2,Busan,LSMGO,2691.38,752.5,2025263.45,Bunker One,140.61,1213.3,BUNKERWORLD,2026-04-06
2022-02-20,112,Busan,HFO,2676.84,650.76,1741980.4,Peninsula,1613.99,2906.19,BUNKERWORLD,2026-04-06
2022-03-01,82,Montreal,LNG,2102.06,752.57,1581947.29,Bomin,1552.19,2181.89,BUNKERWORLD,2026-04-06
2022-01-21,139,Dubai,HFO,929.1,420.89,391048.9,Integr8,1649.12,2784.44,BUNKERWORLD,2026-04-06
2022-01-11,95,Singapore,MGO,2137.64,794.25,1697820.57,Integr8,1738.68,2277.55,BUNKERWORLD,2026-04-06
2022-02-09,22,Dubai,LNG,2906.11,417.25,1212574.4,Integr8,699.16,2407.89,BUNKERWORLD,2026-04-06
2022-03-05,92,Hamburg,LSMGO,372.57,629.66,234592.43,Bomin,359.62,2668.73,BUNKERWORLD,2026-04-06
2022-01-28,9,Dubai,HFO,361.95,734.74,265939.14,Bunker One,781.37,1617.58,BUNKERWORLD,2026-04-06
2022-02-21,98,Shanghai,VLSFO,1286.5,428.7,551522.55,Bunker One,360.64,2977.89,BUNKERWORLD,2026-04-06
2022-03-22,139,Montreal,HFO,2956.68,791.29,2339591.32,Bomin,614.48,799.22,BUNKERWORLD,2026-04-06
2022-01-18,51,Dubai,HFO,2467.68,813.02,2006273.19,Bomin,367.37,541.66,BUNKERWORLD,2026-04-06
2022-02-09,1,Singapore,LSMGO,1537.8,733.6,1128130.08,Bomin,1407.03,664.5,BUNKERWORLD,2026-04-06
2021-12-31,122,Santos,HFO,528.0,351.26,185465.28,Bomin,1539.26,1789.56,BUNKERWORLD,2026-04-06
2022-02-08,22,Busan,HFO,745.04,513.66,382697.25,Bunker One,1635.13,832.1,BUNKERWORLD,2026-04-06
2021-12-31,57,Busan,MGO,2365.26,583.73,1380673.22,Bomin,1317.54,1621.95,BUNKERWORLD,2026-04-06
2021-12-30,87,Busan,MGO,78.74,796.39,62707.75,Peninsula,1825.01,1241.4,BUNKERWORLD,2026-04-06
2022-03-08,8,Santos,HFO,1071.4,731.47,783696.96,Bunker One,242.63,2946.41,BUNKERWORLD,2026-04-06
2022-01-27,147,Busan,MGO,1158.3,684.99,793423.92,Peninsula,885.58,2896.47,BUNKERWORLD,2026-04-06
2022-03-23,38,Hamburg,VLSFO,634.95,419.99,266672.65,World Fuel Services,483.27,1647.58,BUNKERWORLD,2026-04-06
2022-02-08,139,Houston,HFO,2602.37,811.75,2112473.85,Peninsula,1595.55,1565.55,BUNKERWORLD,2026-04-06
2022-01-01,132,Montreal,LSMGO,2068.85,664.43,1374606.01,World Fuel Services,1167.05,1517.91,BUNKERWORLD,2026-04-06
2022-03-22,140,Singapore,VLSFO,2773.69,378.78,1050618.3,Bomin,1639.89,515.92,BUNKERWORLD,2026-04-06
2022-01-15,116,Dubai,VLSFO,1836.99,753.68,1384502.62,Integr8,807.18,2050.33,BUNKERWORLD,2026-04-06
2022-01-15,41,Singapore,LSMGO,1614.4,611.21,986737.42,Bunker One,1542.99,2191.8,BUNKERWORLD,2026-04-06
2022-01-18,51,Rotterdam,VLSFO,305.57,672.97,205639.44,Integr8,517.67,814.23,BUNKERWORLD,2026-04-06
2022-01-03,149,Shanghai,HFO,1680.14,702.08,1179592.69,Bomin,1125.41,1405.22,BUNKERWORLD,2026-04-06
2022-02-09,3,Singapore,LSMGO,742.09,724.88,537926.2,Bomin,1367.18,1522.03,BUNKERWORLD,2026-04-06
2022-01-04,89,Busan,HFO,2180.3,580.79,1266296.44,World Fuel Services,1157.18,1522.24,BUNKERWORLD,2026-04-06
2022-01-20,64,Montreal,HFO,533.52,455.79,243173.08,Bunker One,1675.78,623.13,BUNKERWORLD,2026-04-06
2022-01-12,37,Rotterdam,LNG,391.45,636.43,249130.52,Peninsula,313.3,2903.96,BUNKERWORLD,2026-04-06
2022-03-03,119,Dubai,HFO,1909.7,732.56,1398969.83,Bunker One,180.77,1605.62,BUNKERWORLD,2026-04-06
2022-02-09,47,Dubai,LSMGO,1647.83,770.26,1269257.54,Integr8,1054.83,1404.96,BUNKERWORLD,2026-04-06
2022-03-05,9,Shanghai,LSMGO,1298.47,362.48,470669.41,Bomin,155.38,873.4,BUNKERWORLD,2026-04-06
2022-01-15,123,Hamburg,MGO,2217.93,452.43,1003458.07,Bomin,1339.48,2363.75,BUNKERWORLD,2026-04-06
2022-02-08,108,Melbourne,LNG,2486.67,509.29,1266436.16,Bunker One,1651.25,2690.17,BUNKERWORLD,2026-04-06
2022-01-11,111,Rotterdam,VLSFO,1948.09,674.67,1314317.88,Bunker One,1774.81,2402.87,BUNKERWORLD,2026-04-06
2022-02-22,22,Dubai,MGO,579.48,516.97,299573.78,Bomin,1703.68,2741.96,BUNKERWORLD,2026-04-06
2022-01-05,42,Busan,VLSFO,1735.01,443.28,769095.23,Integr8,1194.87,1718.7,BUNKERWORLD,2026-04-06
2022-02-25,77,Melbourne,MGO,1058.6,819.62,867649.73,Bunker One,1067.65,2630.61,BUNKERWORLD,2026-04-06
2022-02-02,114,Rotterdam,LSMGO,280.63,736.03,206552.1,World Fuel Services,1455.93,938.98,BUNKERWORLD,2026-04-06
2022-02-07,20,Shanghai,HFO,2830.78,466.04,1319256.71,Bunker One,1970.77,2308.98,BUNKERWORLD,2026-04-06
2022-03-25,122,Hamburg,MGO,2290.35,413.12,946189.39,Peninsula,858.59,1639.19,BUNKERWORLD,2026-04-06
2022-02-16,114,Shanghai,LNG,1684.05,663.5,1117367.18,Integr8,1346.18,2357.38,BUNKERWORLD,2026-04-06
2022-02-12,109,Busan,LNG,398.64,418.14,166687.33,World Fuel Services,840.64,2237.63,BUNKERWORLD,2026-04-06
2022-03-08,129,Busan,LSMGO,949.08,779.04,739371.28,World Fuel Services,1207.63,1580.91,BUNKERWORLD,2026-04-06
2022-02-17,5,Montreal,LSMGO,1034.78,357.2,369623.42,Integr8,1130.86,1544.03,BUNKERWORLD,2026-04-06
2022-02-09,147,Hamburg,HFO,138.24,488.05,67468.03,Bunker One,248.88,2866.86,BUNKERWORLD,2026-04-06
2022-02-13,133,Dubai,LSMGO,724.23,436.38,316039.49,Peninsula,479.1,816.18,BUNKERWORLD,2026-04-06
2022-02-28,65,Dubai,MGO,2671.6,750.16,2004127.46,World Fuel Services,1867.55,1144.54,BUNKERWORLD,2026-04-06
2022-03-04,101,Dubai,VLSFO,592.44,449.11,266070.73,Bomin,910.42,1898.23,BUNKERWORLD,2026-04-06
2022-03-15,65,Busan,VLSFO,1824.57,604.61,1103153.27,Integr8,1440.97,2216.0,BUNKERWORLD,2026-04-06
2021-12-29,73,Montreal,LSMGO,1825.54,695.03,1268805.07,World Fuel Services,449.15,1310.48,BUNKERWORLD,2026-04-06
2022-02-21,129,Santos,MGO,1560.43,676.0,1054850.68,Peninsula,877.31,631.49,BUNKERWORLD,2026-04-06
2022-02-13,8,Shanghai,LSMGO,2917.32,846.08,2468286.11,Integr8,558.83,521.95,BUNKERWORLD,2026-04-06
2022-01-17,17,Busan,LNG,427.17,757.84,323726.51,Integr8,1191.03,2225.93,BUNKERWORLD,2026-04-06
2022-03-24,98,Busan,MGO,113.04,705.46,79745.2,Bunker One,555.49,2762.54,BUNKERWORLD,2026-04-06
2022-01-30,13,Singapore,LNG,1761.42,493.88,869930.11,World Fuel Services,131.03,1320.61,BUNKERWORLD,2026-04-06
2022-02-03,91,Santos,LNG,2639.22,563.41,1486962.94,Bomin,1900.97,1785.45,BUNKERWORLD,2026-04-06
2022-01-09,127,Santos,LSMGO,1800.42,578.31,1041200.89,Bunker One,1407.35,548.2,BUNKERWORLD,2026-04-06
2022-03-22,4,Busan,HFO,2267.86,802.47,1819889.61,Bomin,1223.32,1790.19,BUNKERWORLD,2026-04-06
2021-12-31,19,Melbourne,HFO,2748.3,700.97,1926475.85,World Fuel Services,872.6,719.85,BUNKERWORLD,2026-04-06
2022-02-15,62,Busan,LSMGO,2466.22,808.99,1995147.32,Integr8,512.82,1197.16,BUNKERWORLD,2026-04-06
2022-01-31,10,Rotterdam,LNG,538.29,733.78,394986.44,Bunker One,1769.12,1835.34,BUNKERWORLD,2026-04-06
2022-01-01,123,Busan,MGO,2161.84,620.94,1342372.93,Peninsula,1112.49,1347.1,BUNKERWORLD,2026-04-06
2022-02-03,82,Montreal,VLSFO,264.61,432.46,114433.24,Bunker One,1647.28,577.53,BUNKERWORLD,2026-04-06
2022-03-11,23,Houston,VLSFO,2870.84,591.68,1698618.61,Integr8,311.95,589.16,BUNKERWORLD,2026-04-06
2022-01-25,31,Houston,MGO,2919.01,799.13,2332668.46,Bomin,476.25,878.23,BUNKERWORLD,2026-04-06
2022-03-20,4,Busan,MGO,1324.9,616.05,816204.65,Bomin,648.79,1276.02,BUNKERWORLD,2026-04-06
2022-01-22,141,Busan,VLSFO,2705.53,629.78,1703888.68,Peninsula,890.95,1998.15,BUNKERWORLD,2026-04-06
2022-03-15,27,Shanghai,MGO,1166.69,727.39,848638.64,World Fuel Services,383.76,1157.65,BUNKERWORLD,2026-04-06
2022-01-09,91,Busan,MGO,293.36,728.97,213850.64,Bunker One,924.82,2721.17,BUNKERWORLD,2026-04-06
2022-03-09,34,Hamburg,HFO,1330.29,794.82,1057341.1,World Fuel Services,898.81,827.69,BUNKERWORLD,2026-04-06
2022-03-24,42,Hamburg,MGO,673.28,769.85,518324.61,Bunker One,1577.11,2748.6,BUNKERWORLD,2026-04-06
2022-01-28,42,Melbourne,LNG,1027.7,768.39,789674.4,Integr8,1406.19,2029.45,BUNKERWORLD,2026-04-06
2022-01-01,102,Montreal,LSMGO,2877.61,523.08,1505220.24,Integr8,1205.06,2360.29,BUNKERWORLD,2026-04-06
2022-02-03,88,Santos,MGO,2060.49,570.22,1174932.61,Peninsula,114.0,2417.77,BUNKERWORLD,2026-04-06
2022-03-24,104,Houston,VLSFO,1776.77,531.48,944317.72,Bomin,765.45,1228.81,BUNKERWORLD,2026-04-06
2022-01-15,27,Houston,HFO,1710.72,581.12,994133.61,Bomin,135.92,1587.51,BUNKERWORLD,2026-04-06
2022-01-21,11,Shanghai,HFO,2435.67,652.97,1590419.44,Integr8,1125.01,1683.05,BUNKERWORLD,2026-04-06
2022-02-25,81,Shanghai,LSMGO,2906.06,594.68,1728175.76,Peninsula,1398.55,2177.91,BUNKERWORLD,2026-04-06
2022-03-19,65,Hamburg,LNG,1186.25,819.92,972630.1,Bomin,694.83,2353.85,BUNKERWORLD,2026-04-06
2022-01-15,32,Busan,HFO,975.67,384.31,374959.74,Bunker One,1795.39,969.52,BUNKERWORLD,2026-04-06
2022-01-11,32,Montreal,HFO,2638.37,588.6,1552944.58,Integr8,298.37,2655.95,BUNKERWORLD,2026-04-06
2022-03-09,64,Santos,VLSFO,704.42,472.83,333070.91,World Fuel Services,1749.47,1811.63,BUNKERWORLD,2026-04-06
2022-01-15,52,Melbourne,LNG,2793.58,453.86,1267894.22,Peninsula,1982.9,923.91,BUNKERWORLD,2026-04-06
2022-03-25,80,Houston,MGO,1933.44,493.79,954713.34,Integr8,831.43,974.42,BUNKERWORLD,2026-04-06
2022-02-28,9,Melbourne,HFO,159.58,505.89,80729.93,Bunker One,333.22,2829.65,BUNKERWORLD,2026-04-06
2022-01-13,31,Rotterdam,MGO,2358.28,686.21,1618275.32,Bunker One,524.07,921.06,BUNKERWORLD,2026-04-06
2022-01-03,134,Singapore,LSMGO,1135.17,700.62,795322.81,Bomin,1496.27,677.71,BUNKERWORLD,2026-04-06
2022-02-19,139,Rotterdam,HFO,1401.76,746.8,1046834.37,Integr8,1930.79,1216.2,BUNKERWORLD,2026-04-06
2022-03-18,40,Hamburg,LSMGO,2188.59,665.41,1456309.67,World Fuel Services,470.9,2523.55,BUNKERWORLD,2026-04-06
2022-03-20,36,Singapore,HFO,2064.86,814.13,1681064.47,Peninsula,540.48,2396.51,BUNKERWORLD,2026-04-06
2022-01-12,94,Montreal,MGO,2878.0,407.65,1173216.7,Bunker One,1148.95,1852.25,BUNKERWORLD,2026-04-06
2022-03-24,83,Rotterdam,LNG,2893.95,723.97,2095132.98,Bomin,495.45,1431.88,BUNKERWORLD,2026-04-06
2022-02-16,24,Busan,MGO,1128.79,426.17,481056.43,Integr8,999.49,1044.31,BUNKERWORLD,2026-04-06
2022-02-24,25,Busan,LNG,1185.73,677.19,802964.5,World Fuel Services,737.9,2534.29,BUNKERWORLD,2026-04-06
2022-01-14,41,Houston,MGO,1611.35,482.49,777460.26,World Fuel Services,829.18,1230.52,BUNKERWORLD,2026-04-06
2022-03-18,123,Santos,VLSFO,1434.84,433.8,622433.59,Peninsula,928.73,1529.1,BUNKERWORLD,2026-04-06
2022-01-28,108,Santos,VLSFO,211.93,457.48,96953.74,Peninsula,396.55,746.46,BUNKERWORLD,2026-04-06
2022-01-16,88,Hamburg,LNG,1430.7,570.21,815799.45,Integr8,106.18,2568.76,BUNKERWORLD,2026-04-06
2022-01-10,96,Rotterdam,LSMGO,168.36,487.94,82149.58,Bunker One,249.09,591.84,BUNKERWORLD,2026-04-06
2022-01-16,128,Santos,HFO,1404.19,528.0,741412.32,Integr8,897.38,1151.15,BUNKERWORLD,2026-04-06
2022-01-14,124,Busan,HFO,2872.45,537.88,1545033.41,Peninsula,840.09,2963.18,BUNKERWORLD,2026-04-06
2022-01-03,119,Hamburg,VLSFO,2728.06,395.33,1078483.96,Bunker One,1844.34,1055.11,BUNKERWORLD,2026-04-06
2022-01-18,140,Melbourne,MGO,728.91,584.34,425931.27,Integr8,545.06,1575.96,BUNKERWORLD,2026-04-06
2022-02-09,8,Dubai,LNG,144.37,538.74,77777.89,Bunker One,782.88,1642.11,BUNKERWORLD,2026-04-06
2022-02-21,8,Singapore,MGO,1273.43,382.22,486730.41,Bunker One,1716.57,1536.21,BUNKERWORLD,2026-04-06
2022-01-17,104,Busan,VLSFO,1682.06,373.63,628468.08,Bomin,1790.66,2988.94,BUNKERWORLD,2026-04-06
2022-02-17,71,Busan,VLSFO,2375.37,510.37,1212317.59,World Fuel Services,1662.39,1183.72,BUNKERWORLD,2026-04-06
2022-02-03,8,Santos,VLSFO,2256.13,626.38,1413194.71,Bunker One,1747.18,954.84,BUNKERWORLD,2026-04-06
2022-03-03,69,Shanghai,MGO,2292.57,735.16,1685405.76,Bunker One,883.55,2434.73,BUNKERWORLD,2026-04-06
2022-01-23,122,Hamburg,VLSFO,2843.0,815.61,2318779.23,Integr8,1824.67,942.94,BUNKERWORLD,2026-04-06
2022-03-19,116,Hamburg,LSMGO,588.65,511.79,301265.18,World Fuel Services,104.4,1553.14,BUNKERWORLD,2026-04-06
2022-02-20,4,Santos,MGO,1587.48,388.31,616434.36,Bomin,539.36,2559.85,BUNKERWORLD,2026-04-06
2021-12-31,15,Shanghai,MGO,1518.04,786.93,1194591.22,Peninsula,399.43,744.18,BUNKERWORLD,2026-04-06
2022-02-17,131,Hamburg,MGO,1086.75,573.83,623609.75,World Fuel Services,1017.81,2993.95,BUNKERWORLD,2026-04-06
2022-03-23,31,Montreal,LNG,2177.86,434.66,946628.63,Integr8,1829.6,565.66,BUNKERWORLD,2026-04-06
2022-01-30,104,Santos,HFO,2759.47,630.75,1740535.7,World Fuel Services,1125.81,1702.88,BUNKERWORLD,2026-04-06
2022-03-25,102,Shanghai,VLSFO,1049.94,636.89,668696.29,Bomin,1041.01,1210.5,BUNKERWORLD,2026-04-06
2022-03-11,9,Busan,LSMGO,2456.42,535.24,1314774.24,World Fuel Services,1463.82,546.15,BUNKERWORLD,2026-04-06
2022-03-20,15,Montreal,VLSFO,1694.74,571.59,968696.44,Bunker One,1896.64,650.15,BUNKERWORLD,2026-04-06
2022-02-23,13,Singapore,HFO,728.77,625.21,455634.29,Peninsula,1050.16,2182.25,BUNKERWORLD,2026-04-06
2022-03-05,58,Hamburg,MGO,2661.71,430.36,1145493.52,Integr8,1977.08,2227.34,BUNKERWORLD,2026-04-06
2022-03-03,109,Shanghai,LSMGO,2698.41,718.62,1939131.39,Bomin,228.83,1685.94,BUNKERWORLD,2026-04-06
2022-01-05,86,Santos,HFO,751.2,760.9,571588.08,Bunker One,1203.44,1473.12,BUNKERWORLD,2026-04-06
2022-02-23,101,Rotterdam,LNG,680.83,510.56,347604.56,Bomin,357.62,1744.64,BUNKERWORLD,2026-04-06
2022-02-03,39,Busan,HFO,1914.31,736.49,1409870.17,Bomin,262.73,1263.62,BUNKERWORLD,2026-04-06
2022-03-08,107,Hamburg,LNG,2778.06,579.37,1609524.62,Bunker One,693.67,2822.94,BUNKERWORLD,2026-04-06
2022-03-26,15,Melbourne,HFO,2349.98,480.17,1128389.9,Bunker One,1635.78,2433.2,BUNKERWORLD,2026-04-06
2022-01-28,79,Montreal,LNG,2699.58,600.94,1622285.61,Bunker One,568.17,1993.05,BUNKERWORLD,2026-04-06
2022-01-01,16,Dubai,LNG,1152.39,395.4,455655.01,Integr8,1736.82,2739.87,BUNKERWORLD,2026-04-06
2022-03-19,6,Shanghai,VLSFO,599.98,392.1,235252.16,World Fuel Services,1635.14,2924.87,BUNKERWORLD,2026-04-06
2022-01-10,127,Melbourne,LSMGO,1646.19,756.63,1245556.74,Bunker One,437.73,702.15,BUNKERWORLD,2026-04-06
2022-03-22,93,Shanghai,MGO,2662.35,448.09,1192972.41,World Fuel Services,376.66,1115.48,BUNKERWORLD,2026-04-06
2022-02-01,43,Shanghai,LSMGO,1016.29,503.35,511549.57,World Fuel Services,507.23,1508.33,BUNKERWORLD,2026-04-06
2022-02-08,137,Singapore,VLSFO,1692.7,662.07,1120685.89,Peninsula,1601.68,1871.84,BUNKERWORLD,2026-04-06
2022-01-29,118,Hamburg,VLSFO,1900.72,423.23,804441.73,Bomin,682.88,1883.61,BUNKERWORLD,2026-04-06
2022-02-08,58,Melbourne,LNG,2784.52,810.03,2255544.74,World Fuel Services,1313.62,1254.38,BUNKERWORLD,2026-04-06
2022-02-17,75,Shanghai,LNG,2464.94,705.79,1739730.0,Integr8,310.87,2960.7,BUNKERWORLD,2026-04-06
2022-02-12,92,Hamburg,LSMGO,71.55,749.44,53622.43,World Fuel Services,1021.52,1903.82,BUNKERWORLD,2026-04-06
2022-02-07,136,Singapore,LNG,351.61,399.94,140622.9,Integr8,758.58,1716.26,BUNKERWORLD,2026-04-06
2022-02-08,19,Rotterdam,LSMGO,1825.36,653.49,1192854.51,World Fuel Services,1160.32,1400.95,BUNKERWORLD,2026-04-06
2022-01-16,104,Montreal,MGO,1182.44,815.64,964445.36,Integr8,1406.86,1012.46,BUNKERWORLD,2026-04-06
2022-02-21,67,Houston,LNG,857.49,619.5,531215.06,Bunker One,410.8,2393.14,BUNKERWORLD,2026-04-06
2022-03-20,150,Singapore,VLSFO,1120.96,427.39,479087.09,Bomin,317.72,2369.02,BUNKERWORLD,2026-04-06
2022-02-15,140,Shanghai,HFO,371.09,477.97,177369.89,Integr8,744.24,2417.88,BUNKERWORLD,2026-04-06
2022-01-16,22,Dubai,VLSFO,1256.46,809.39,1016966.16,World Fuel Services,1312.2,985.23,BUNKERWORLD,2026-04-06
2022-03-07,74,Melbourne,LSMGO,2210.67,592.45,1309711.44,Bomin,163.57,1715.74,BUNKERWORLD,2026-04-06
2022-01-09,82,Santos,LSMGO,956.07,779.84,745581.63,Peninsula,329.82,2043.34,BUNKERWORLD,2026-04-06
2021-12-28,23,Melbourne,MGO,165.14,581.94,96101.57,World Fuel Services,787.09,937.89,BUNKERWORLD,2026-04-06
2022-01-28,146,Shanghai,VLSFO,2478.95,838.05,2077484.05,Integr8,1037.13,1481.2,BUNKERWORLD,2026-04-06
2021-12-31,113,Rotterdam,LSMGO,2535.98,410.31,1040537.95,Integr8,1419.71,1961.3,BUNKERWORLD,2026-04-06
2022-01-18,5,Dubai,HFO,1223.24,762.5,932720.5,World Fuel Services,333.61,1855.15,BUNKERWORLD,2026-04-06
2022-03-05,146,Singapore,VLSFO,1508.22,378.94,571524.89,Bunker One,1662.39,1953.45,BUNKERWORLD,2026-04-06
2022-01-20,80,Busan,LNG,222.5,785.93,174869.42,Integr8,457.33,1264.64,BUNKERWORLD,2026-04-06
2022-01-29,131,Santos,HFO,1259.75,457.53,576373.42,Integr8,777.98,2323.95,BUNKERWORLD,2026-04-06
2022-01-11,111,Rotterdam,MGO,2705.2,826.52,2235901.9,Integr8,655.18,2042.46,BUNKERWORLD,2026-04-06
2022-01-09,116,Rotterdam,LNG,2027.11,758.06,1536671.01,World Fuel Services,1742.8,1422.65,BUNKERWORLD,2026-04-06
2022-03-16,24,Santos,LNG,1452.57,675.93,981835.64,World Fuel Services,1757.56,1412.99,BUNKERWORLD,2026-04-06
2022-01-03,56,Melbourne,LNG,2255.43,750.07,1691730.38,Bomin,894.24,1347.82,BUNKERWORLD,2026-04-06
2022-01-21,69,Shanghai,LSMGO,1698.32,406.51,690384.06,Peninsula,577.2,1420.98,BUNKERWORLD,2026-04-06
2022-01-15,62,Montreal,LNG,418.3,797.94,333778.3,Integr8,690.19,613.69,BUNKERWORLD,2026-04-06
2022-02-13,93,Busan,LNG,1409.92,685.29,966204.08,World Fuel Services,1811.06,2471.78,BUNKERWORLD,2026-04-06
2021-12-30,83,Rotterdam,LNG,1455.47,461.74,672048.72,Bomin,1274.11,1733.57,BUNKERWORLD,2026-04-06
2022-01-21,50,Singapore,HFO,2693.56,632.48,1703622.83,World Fuel Services,551.65,671.03,BUNKERWORLD,2026-04-06
2022-01-14,15,Montreal,LNG,2869.54,491.6,1410665.86,Bunker One,1239.52,1171.64,BUNKERWORLD,2026-04-06
2022-02-07,84,Busan,HFO,601.18,813.81,489246.3,Bunker One,316.4,1266.5,BUNKERWORLD,2026-04-06
2022-03-26,68,Singapore,LSMGO,1501.04,418.16,627674.89,Peninsula,825.27,1910.23,BUNKERWORLD,2026-04-06
2022-02-18,77,Dubai,LNG,58.7,725.63,42594.48,Peninsula,1456.02,1381.63,BUNKERWORLD,2026-04-06
2022-02-07,83,Dubai,VLSFO,628.74,451.63,283957.85,Peninsula,223.37,2770.16,BUNKERWORLD,2026-04-06
2022-02-20,39,Singapore,LNG,2805.7,668.71,1876199.65,World Fuel Services,1122.54,1093.34,BUNKERWORLD,2026-04-06
2022-02-25,42,Melbourne,LSMGO,2284.86,535.9,1224456.47,Bomin,1882.94,1479.31,BUNKERWORLD,2026-04-06
2022-03-02,141,Busan,MGO,2040.24,656.18,1338764.68,Peninsula,1071.61,1198.01,BUNKERWORLD,2026-04-06
2022-01-08,150,Dubai,LSMGO,2163.58,801.25,1733568.47,Bomin,552.02,669.64,BUNKERWORLD,2026-04-06
2022-02-13,40,Busan,VLSFO,147.94,745.96,110357.32,Bomin,1222.69,597.51,BUNKERWORLD,2026-04-06
2022-01-28,148,Montreal,MGO,2464.73,423.86,1044700.46,Peninsula,1364.02,1656.61,BUNKERWORLD,2026-04-06
2022-03-01,23,Dubai,HFO,2370.07,626.47,1484777.75,Peninsula,907.17,1608.89,BUNKERWORLD,2026-04-06
2022-01-26,92,Santos,MGO,2114.57,370.68,783828.81,Bunker One,401.19,1911.21,BUNKERWORLD,2026-04-06
2021-12-29,103,Dubai,HFO,2522.24,842.88,2125945.65,Integr8,1011.59,844.23,BUNKERWORLD,2026-04-06
2022-01-15,58,Santos,HFO,1694.94,444.0,752553.36,World Fuel Services,1142.44,2761.01,BUNKERWORLD,2026-04-06
2022-01-29,20,Hamburg,LNG,1072.18,585.71,627986.55,World Fuel Services,1613.99,2252.61,BUNKERWORLD,2026-04-06
2022-02-21,145,Hamburg,HFO,267.44,639.84,171118.81,Bunker One,1792.57,2100.61,BUNKERWORLD,2026-04-06
2022-01-07,101,Singapore,LSMGO,1252.54,698.67,875112.12,Bunker One,1985.05,587.09,BUNKERWORLD,2026-04-06
2022-02-28,105,Houston,MGO,1508.16,417.24,629264.68,World Fuel Services,902.08,1494.76,BUNKERWORLD,2026-04-06
2022-02-24,63,Houston,MGO,2635.45,781.97,2060842.84,Integr8,803.55,2730.87,BUNKERWORLD,2026-04-06
2022-02-06,123,Shanghai,LNG,725.26,717.25,520192.73,World Fuel Services,1342.86,2214.97,BUNKERWORLD,2026-04-06
2022-02-22,84,Singapore,HFO,2560.19,467.76,1197554.47,Bomin,114.27,1517.15,BUNKERWORLD,2026-04-06
2022-01-27,145,Melbourne,LSMGO,1902.12,483.9,920435.87,Peninsula,1080.68,1525.08,BUNKERWORLD,2026-04-06
2022-02-11,56,Dubai,VLSFO,125.62,699.25,87839.79,Bomin,150.39,1369.51,BUNKERWORLD,2026-04-06
2021-12-27,56,Hamburg,MGO,664.65,578.92,384779.18,Bomin,390.0,1602.91,BUNKERWORLD,2026-04-06
2022-01-05,71,Montreal,MGO,360.23,824.0,296829.52,Bomin,266.47,570.4,BUNKERWORLD,2026-04-06
2022-01-18,136,Singapore,LNG,165.55,787.15,130312.68,World Fuel Services,1567.31,1431.51,BUNKERWORLD,2026-04-06
2022-02-14,127,Santos,MGO,618.28,590.95,365372.57,World Fuel Services,1384.97,1306.72,BUNKERWORLD,2026-04-06
2022-01-10,37,Melbourne,LNG,984.92,466.58,459543.97,Bomin,607.93,885.97,BUNKERWORLD,2026-04-06
2022-02-04,87,Busan,HFO,1602.79,495.06,793477.22,Integr8,1456.18,1362.87,BUNKERWORLD,2026-04-06
2022-01-23,17,Rotterdam,LNG,578.07,694.54,401492.74,Bunker One,1806.39,878.43,BUNKERWORLD,2026-04-06
2022-03-10,90,Melbourne,MGO,1351.21,393.04,531079.58,Bomin,691.9,1228.16,BUNKERWORLD,2026-04-06
2022-02-21,122,Hamburg,HFO,2382.86,461.47,1099618.4,Bomin,1906.75,809.4,BUNKERWORLD,2026-04-06
2022-02-28,66,Rotterdam,MGO,262.37,407.94,107031.22,Integr8,333.53,2176.77,BUNKERWORLD,2026-04-06
2022-02-23,99,Shanghai,LSMGO,1933.81,569.21,1100743.99,Peninsula,1973.04,673.0,BUNKERWORLD,2026-04-06
2022-01-07,2,Santos,LNG,1532.11,518.52,794429.68,Bunker One,1970.82,2652.3,BUNKERWORLD,2026-04-06
2022-03-15,93,Montreal,LNG,2991.87,813.0,2432390.31,Bomin,1802.94,2879.73,BUNKERWORLD,2026-04-06
2022-01-20,12,Houston,VLSFO,2670.13,487.88,1302703.02,Bunker One,1057.21,1521.94,BUNKERWORLD,2026-04-06
2022-02-13,51,Dubai,LNG,1445.15,353.17,510383.63,Peninsula,238.93,680.97,BUNKERWORLD,2026-04-06
2022-03-18,123,Singapore,LSMGO,945.48,777.78,735375.43,World Fuel Services,1126.07,2007.31,BUNKERWORLD,2026-04-06
2022-03-11,53,Singapore,HFO,2397.62,548.74,1315670.0,World Fuel Services,750.01,1210.54,BUNKERWORLD,2026-04-06
2022-03-20,47,Singapore,LSMGO,1265.3,447.05,565652.36,Bunker One,1549.1,2789.11,BUNKERWORLD,2026-04-06
2022-01-06,56,Rotterdam,LSMGO,1340.41,572.61,767532.17,Integr8,1418.85,2018.69,BUNKERWORLD,2026-04-06
2022-02-20,113,Singapore,LNG,1759.48,700.52,1232550.93,Integr8,1811.29,2450.32,BUNKERWORLD,2026-04-06
2022-03-01,116,Singapore,HFO,1580.42,668.02,1055752.17,Bomin,1710.17,1862.01,BUNKERWORLD,2026-04-06
2022-02-09,41,Dubai,VLSFO,530.35,631.28,334799.35,Bunker One,1779.52,2044.32,BUNKERWORLD,2026-04-06
2022-03-06,65,Shanghai,LSMGO,763.66,368.37,281309.43,Peninsula,1803.78,624.04,BUNKERWORLD,2026-04-06
2022-02-04,118,Dubai,VLSFO,2056.06,720.75,1481905.24,World Fuel Services,1074.33,2371.33,BUNKERWORLD,2026-04-06
2022-01-25,137,Hamburg,LSMGO,1672.27,459.41,768257.56,Bunker One,459.96,1086.37,BUNKERWORLD,2026-04-06
2022-03-22,109,Rotterdam,MGO,2309.47,820.89,1895820.83,Bunker One,1011.9,2505.99,BUNKERWORLD,2026-04-06
2022-03-05,122,Shanghai,MGO,2281.99,420.2,958892.2,Bomin,1498.07,958.53,BUNKERWORLD,2026-04-06
2022-01-09,27,Busan,LSMGO,870.1,445.85,387934.09,Bunker One,761.13,1799.03,BUNKERWORLD,2026-04-06
2022-03-03,26,Houston,HFO,1821.33,350.09,637629.42,Bomin,1190.22,2946.33,BUNKERWORLD,2026-04-06
2022-01-25,80,Hamburg,LNG,666.15,835.99,556894.74,World Fuel Services,1844.05,1418.81,BUNKERWORLD,2026-04-06
2022-03-19,87,Montreal,MGO,682.05,412.88,281604.8,Bunker One,1679.46,2884.23,BUNKERWORLD,2026-04-06
2022-01-19,118,Singapore,LSMGO,1426.93,502.66,717260.63,Bunker One,132.46,2487.68,BUNKERWORLD,2026-04-06
2021-12-27,97,Dubai,LSMGO,2925.39,845.97,2474792.18,Integr8,1753.01,647.84,BUNKERWORLD,2026-04-06
2022-01-06,148,Santos,MGO,1622.24,776.54,1259734.25,Bunker One,120.82,1559.97,BUNKERWORLD,2026-04-06
2022-01-28,63,Santos,MGO,2928.11,519.72,1521797.33,Integr8,1723.84,2577.17,BUNKERWORLD,2026-04-06
2022-02-16,123,Montreal,MGO,1623.16,843.08,1368453.73,World Fuel Services,399.23,2671.95,BUNKERWORLD,2026-04-06
2022-03-23,107,Shanghai,VLSFO,729.69,622.0,453867.18,Integr8,1801.64,982.65,BUNKERWORLD,2026-04-06
2022-02-08,12,Hamburg,LNG,238.53,780.95,186280.0,Bunker One,821.76,1324.33,BUNKERWORLD,2026-04-06
2022-01-07,60,Hamburg,HFO,282.62,721.73,203975.33,Bunker One,1655.77,1569.13,BUNKERWORLD,2026-04-06
2022-01-02,49,Singapore,MGO,393.2,364.36,143266.35,Integr8,608.14,1715.61,BUNKERWORLD,2026-04-06
2022-03-19,144,Melbourne,VLSFO,129.43,760.91,98484.58,Bomin,1194.18,1562.42,BUNKERWORLD,2026-04-06
2021-12-29,15,Singapore,HFO,1776.55,525.33,933275.01,Peninsula,1110.32,1467.69,BUNKERWORLD,2026-04-06
2022-01-17,104,Montreal,HFO,1859.47,641.43,1192719.84,Bunker One,1041.17,634.13,BUNKERWORLD,2026-04-06
2022-01-18,133,Montreal,LSMGO,2070.11,517.17,1070598.79,Bunker One,165.84,2342.39,BUNKERWORLD,2026-04-06
2022-03-01,99,Rotterdam,HFO,2399.16,724.88,1739103.1,Bomin,1804.12,2595.18,BUNKERWORLD,2026-04-06
2022-02-26,88,Melbourne,MGO,624.1,687.13,428837.83,World Fuel Services,411.57,2648.88,BUNKERWORLD,2026-04-06
2022-03-24,148,Montreal,LSMGO,1721.83,511.99,881559.74,Peninsula,376.32,2775.8,BUNKERWORLD,2026-04-06
2022-02-14,71,Singapore,MGO,2590.3,517.04,1339288.71,Bomin,1576.99,1275.71,BUNKERWORLD,2026-04-06
2022-03-09,5,Busan,HFO,389.55,635.92,247722.64,Bomin,290.07,2053.5,BUNKERWORLD,2026-04-06
2021-12-28,96,Rotterdam,VLSFO,2491.54,641.14,1597425.96,Integr8,1086.04,2480.9,BUNKERWORLD,2026-04-06
2022-01-18,42,Montreal,VLSFO,511.43,424.62,217163.41,Integr8,959.83,529.19,BUNKERWORLD,2026-04-06
2022-01-20,46,Singapore,VLSFO,565.34,638.23,360816.95,Bomin,1072.98,2575.57,BUNKERWORLD,2026-04-06
2022-01-17,12,Singapore,VLSFO,1773.89,812.85,1441906.49,Bunker One,1797.39,838.14,BUNKERWORLD,2026-04-06
2022-03-18,16,Dubai,LNG,1139.54,800.36,912042.23,World Fuel Services,905.1,1918.1,BUNKERWORLD,2026-04-06
2022-03-05,61,Rotterdam,VLSFO,354.13,436.01,154404.22,Bomin,605.93,837.49,BUNKERWORLD,2026-04-06
2022-02-19,68,Hamburg,VLSFO,383.45,753.09,288772.36,Integr8,1691.8,2410.73,BUNKERWORLD,2026-04-06
2022-02-26,73,Dubai,HFO,718.07,482.8,346684.2,Bunker One,720.47,662.71,BUNKERWORLD,2026-04-06
2021-12-27,16,Houston,VLSFO,2941.85,660.83,1944062.74,Bomin,1811.06,1433.32,BUNKERWORLD,2026-04-06
2022-01-30,11,Montreal,VLSFO,1211.55,401.09,485940.59,Bunker One,879.8,567.63,BUNKERWORLD,2026-04-06
2022-02-09,6,Montreal,LNG,926.24,640.64,593386.39,Bomin,1790.21,980.36,BUNKERWORLD,2026-04-06
2022-03-25,72,Santos,LNG,1368.04,352.54,482288.82,Bunker One,783.59,2275.88,BUNKERWORLD,2026-04-06
2022-02-02,94,Busan,VLSFO,1088.58,769.59,837760.28,Integr8,1447.7,2922.93,BUNKERWORLD,2026-04-06
2022-02-03,53,Hamburg,LSMGO,2267.47,445.87,1010996.85,World Fuel Services,1152.67,2778.08,BUNKERWORLD,2026-04-06
2022-02-11,100,Houston,HFO,1814.76,710.79,1289913.26,Bunker One,330.07,2452.24,BUNKERWORLD,2026-04-06
2022-01-20,39,Montreal,MGO,1498.74,574.18,860546.53,World Fuel Services,1209.03,2685.46,BUNKERWORLD,2026-04-06
2022-02-27,4,Busan,MGO,1977.38,533.38,1054694.94,Peninsula,1342.72,1649.13,BUNKERWORLD,2026-04-06
2021-12-29,49,Rotterdam,MGO,596.79,400.47,238996.49,Integr8,982.01,2468.89,BUNKERWORLD,2026-04-06
2022-02-08,91,Busan,MGO,172.55,578.67,99849.51,World Fuel Services,453.8,693.13,BUNKERWORLD,2026-04-06
2022-01-01,99,Shanghai,VLSFO,710.34,764.13,542792.1,Bunker One,1657.94,2298.24,BUNKERWORLD,2026-04-06
2022-03-13,124,Melbourne,LNG,793.57,632.39,501845.73,Peninsula,1675.77,1936.52,BUNKERWORLD,2026-04-06
2022-03-03,148,Houston,VLSFO,1934.4,414.75,802292.4,Bomin,570.87,848.68,BUNKERWORLD,2026-04-06
2022-03-19,44,Singapore,HFO,1975.38,836.55,1652504.14,Bunker One,760.09,1647.53,BUNKERWORLD,2026-04-06
2022-01-27,136,Melbourne,MGO,1115.59,770.88,859986.02,Bunker One,1890.12,1395.04,BUNKERWORLD,2026-04-06
2022-01-06,140,Montreal,VLSFO,1913.44,519.12,993304.97,Integr8,1826.11,2540.71,BUNKERWORLD,2026-04-06
2021-12-27,42,Melbourne,LNG,1441.67,576.06,830488.42,Bomin,420.6,1000.57,BUNKERWORLD,2026-04-06
2022-02-02,137,Dubai,LNG,1653.46,551.54,911949.33,Bunker One,950.71,2217.63,BUNKERWORLD,2026-04-06
2022-02-21,6,Shanghai,LNG,1718.65,476.99,819778.86,Integr8,779.31,2738.73,BUNKERWORLD,2026-04-06
2022-03-22,118,Busan,HFO,1842.37,569.7,1049598.19,Bunker One,988.48,1961.5,BUNKERWORLD,2026-04-06
2022-03-23,121,Santos,HFO,960.97,846.84,813787.83,World Fuel Services,1932.3,2707.87,BUNKERWORLD,2026-04-06
2022-01-08,108,Melbourne,MGO,1885.39,773.07,1457538.45,Integr8,1617.82,2579.56,BUNKERWORLD,2026-04-06
2022-03-12,31,Busan,VLSFO,1407.93,435.53,613195.75,Bunker One,295.77,1949.77,BUNKERWORLD,2026-04-06
2022-02-08,67,Shanghai,MGO,2504.51,735.72,1842618.1,Integr8,1162.4,1913.09,BUNKERWORLD,2026-04-06
2022-01-26,2,Montreal,LNG,2601.15,768.39,1998697.65,Bomin,1974.36,1040.82,BUNKERWORLD,2026-04-06
2022-02-15,122,Busan,HFO,2385.07,607.39,1448667.67,Integr8,625.92,1157.16,BUNKERWORLD,2026-04-06
2022-01-05,23,Houston,LNG,705.36,357.68,252293.16,Bomin,1884.93,1992.11,BUNKERWORLD,2026-04-06
2022-02-09,134,Montreal,VLSFO,218.51,361.67,79028.51,World Fuel Services,1039.94,2384.19,BUNKERWORLD,2026-04-06
2022-01-20,135,Melbourne,LNG,220.28,708.66,156103.62,Integr8,1182.58,2752.97,BUNKERWORLD,2026-04-06
2022-03-05,148,Singapore,MGO,1199.7,844.57,1013230.63,Integr8,293.49,711.82,BUNKERWORLD,2026-04-06
2022-01-04,8,Montreal,HFO,123.83,390.22,48320.94,Bunker One,1636.61,2376.86,BUNKERWORLD,2026-04-06
2022-02-26,45,Singapore,VLSFO,1972.32,838.76,1654303.12,Integr8,866.91,636.25,BUNKERWORLD,2026-04-06
2022-01-17,104,Shanghai,VLSFO,1365.38,789.36,1077776.36,Bomin,328.3,2996.41,BUNKERWORLD,2026-04-06
2022-03-14,114,Singapore,VLSFO,416.68,528.89,220377.89,Peninsula,862.74,2452.22,BUNKERWORLD,2026-04-06
2022-01-16,121,Montreal,HFO,2301.56,437.9,1007853.12,Bunker One,322.25,1839.78,BUNKERWORLD,2026-04-06
2022-03-24,135,Dubai,VLSFO,2380.91,626.98,1492782.95,Integr8,1102.61,2235.85,BUNKERWORLD,2026-04-06
2022-03-24,107,Busan,LSMGO,181.49,715.88,129925.06,World Fuel Services,507.71,2628.49,BUNKERWORLD,2026-04-06
2022-03-05,53,Houston,LSMGO,2030.84,412.09,836888.86,Bomin,293.26,2685.13,BUNKERWORLD,2026-04-06
2022-01-31,64,Santos,HFO,2391.52,482.26,1153334.44,Bomin,1847.26,1161.32,BUNKERWORLD,2026-04-06
2022-01-24,72,Singapore,VLSFO,2601.46,704.2,1831948.13,World Fuel Services,1927.86,2029.35,BUNKERWORLD,2026-04-06
2022-02-18,129,Rotterdam,MGO,1133.85,645.8,732240.33,Bunker One,368.12,716.7,BUNKERWORLD,2026-04-06
2022-02-17,20,Dubai,LSMGO,2297.09,553.33,1271048.81,Bomin,1193.03,2185.83,BUNKERWORLD,2026-04-06
2022-01-15,104,Singapore,VLSFO,2339.5,764.48,1788500.96,Peninsula,160.52,624.35,BUNKERWORLD,2026-04-06
2021-12-28,147,Rotterdam,LSMGO,2518.2,792.61,1995950.5,Integr8,1941.26,2356.96,BUNKERWORLD,2026-04-06
2022-02-24,134,Hamburg,LSMGO,1139.03,400.16,455794.24,Peninsula,1737.83,1773.09,BUNKERWORLD,2026-04-06
2022-03-20,144,Santos,MGO,588.08,556.44,327231.24,Bomin,377.67,2079.53,BUNKERWORLD,2026-04-06
2022-02-11,91,Rotterdam,VLSFO,2071.58,391.85,811748.62,Integr8,1384.17,2651.13,BUNKERWORLD,2026-04-06
2022-02-21,55,Santos,MGO,163.12,845.9,137983.21,Peninsula,401.32,664.69,BUNKERWORLD,2026-04-06
2022-01-17,2,Montreal,VLSFO,2949.71,408.83,1205929.94,Integr8,1156.77,1688.47,BUNKERWORLD,2026-04-06
2022-01-30,112,Rotterdam,VLSFO,2149.92,402.67,865708.29,Integr8,615.74,789.16,BUNKERWORLD,2026-04-06
2022-02-10,51,Houston,HFO,1082.43,766.91,830126.39,Integr8,1729.19,1576.55,BUNKERWORLD,2026-04-06
2022-01-04,99,Dubai,MGO,2235.14,365.24,816362.53,World Fuel Services,544.13,1348.49,BUNKERWORLD,2026-04-06
2022-02-23,79,Busan,LNG,2260.69,499.13,1128378.2,Bomin,1149.63,1911.98,BUNKERWORLD,2026-04-06
2022-02-21,41,Hamburg,HFO,1657.13,598.77,992239.73,Bunker One,274.63,980.91,BUNKERWORLD,2026-04-06
2022-01-28,89,Santos,LNG,1278.66,580.5,742262.13,Bunker One,112.93,2695.05,BUNKERWORLD,2026-04-06
2022-01-28,82,Shanghai,MGO,201.18,588.69,118432.65,Peninsula,1865.71,1195.59,BUNKERWORLD,2026-04-06
2022-01-03,142,Santos,LSMGO,664.65,586.76,389990.03,Integr8,1002.14,1933.59,BUNKERWORLD,2026-04-06
2022-03-02,18,Singapore,VLSFO,899.41,604.36,543567.43,Integr8,1743.04,2026.25,BUNKERWORLD,2026-04-06
2022-03-19,97,Busan,MGO,1456.88,820.87,1195909.09,Peninsula,1040.26,1578.62,BUNKERWORLD,2026-04-06
2022-02-15,5,Hamburg,LNG,2804.35,694.17,1946695.64,Integr8,1835.32,2544.87,BUNKERWORLD,2026-04-06
2021-12-30,4,Santos,MGO,958.04,618.64,592681.87,Integr8,695.26,2064.18,BUNKERWORLD,2026-04-06
2022-03-01,43,Singapore,VLSFO,2975.87,841.46,2504075.57,Bomin,1032.48,2069.6,BUNKERWORLD,2026-04-06
2022-03-02,77,Singapore,HFO,185.18,643.44,119152.22,Bomin,1637.04,2000.17,BUNKERWORLD,2026-04-06
2022-01-27,31,Busan,MGO,1941.84,531.8,1032670.51,Bomin,1841.09,779.55,BUNKERWORLD,2026-04-06
2022-02-04,69,Busan,LNG,500.94,469.59,235236.41,Bunker One,1640.88,929.55,BUNKERWORLD,2026-04-06
2022-02-05,34,Melbourne,HFO,762.58,841.55,641749.2,Bomin,449.64,516.79,BUNKERWORLD,2026-04-06
2022-02-07,9,Santos,LNG,963.73,704.11,678571.93,World Fuel Services,1107.49,2646.23,BUNKERWORLD,2026-04-06
2022-02-27,39,Busan,LSMGO,2231.61,585.1,1305715.01,World Fuel Services,1558.48,749.28,BUNKERWORLD,2026-04-06
2022-01-01,38,Singapore,MGO,362.17,419.86,152060.7,Integr8,1952.17,1002.06,BUNKERWORLD,2026-04-06
2022-02-21,36,Hamburg,LNG,2309.13,407.27,940439.38,Bunker One,1396.47,1568.76,BUNKERWORLD,2026-04-06
2022-01-20,135,Melbourne,VLSFO,1926.95,438.55,845063.92,Integr8,508.1,570.06,BUNKERWORLD,2026-04-06
2022-02-22,43,Montreal,HFO,2509.49,372.5,934785.02,World Fuel Services,1390.74,2705.53,BUNKERWORLD,2026-04-06
2022-02-04,73,Dubai,MGO,339.21,462.53,156894.8,Bunker One,758.5,1531.93,BUNKERWORLD,2026-04-06
2022-01-30,97,Singapore,MGO,1402.12,731.33,1025412.42,Bunker One,240.69,1447.81,BUNKERWORLD,2026-04-06
2022-02-07,126,Shanghai,HFO,848.51,727.19,617027.99,Integr8,1173.07,2591.48,BUNKERWORLD,2026-04-06
2022-03-13,66,Shanghai,LNG,1020.66,797.41,813884.49,Integr8,1522.88,826.57,BUNKERWORLD,2026-04-06
2022-02-08,62,Rotterdam,VLSFO,2219.73,616.14,1367664.44,Bunker One,291.08,1040.76,BUNKERWORLD,2026-04-06
2022-03-24,70,Rotterdam,HFO,1782.01,358.15,638226.88,Bomin,1776.66,2113.58,BUNKERWORLD,2026-04-06
2022-02-13,30,Singapore,VLSFO,221.97,432.63,96030.88,Integr8,1085.46,1800.67,BUNKERWORLD,2026-04-06
2022-02-07,86,Montreal,LNG,595.04,418.49,249018.29,Peninsula,1497.35,1978.8,BUNKERWORLD,2026-04-06
2022-03-17,56,Rotterdam,VLSFO,1872.0,784.08,1467797.76,Bunker One,586.46,2197.42,BUNKERWORLD,2026-04-06
2022-02-28,32,Rotterdam,HFO,2432.49,813.52,1978879.26,Bunker One,1043.46,1032.24,BUNKERWORLD,2026-04-06
2022-02-18,39,Hamburg,MGO,1327.73,384.03,509888.15,World Fuel Services,261.08,2661.31,BUNKERWORLD,2026-04-06
2022-03-25,150,Rotterdam,HFO,2003.1,480.88,963250.73,Peninsula,1085.07,712.38,BUNKERWORLD,2026-04-06
2022-02-22,9,Shanghai,HFO,2148.06,485.28,1042410.56,Bunker One,1029.3,1826.33,BUNKERWORLD,2026-04-06
2022-02-04,77,Shanghai,LNG,2144.11,367.27,787467.28,Peninsula,1125.4,1236.32,BUNKERWORLD,2026-04-06
2022-03-18,46,Dubai,LNG,1911.9,662.29,1266232.25,World Fuel Services,1334.55,2818.24,BUNKERWORLD,2026-04-06
2022-03-04,82,Santos,LSMGO,891.59,488.5,435541.72,Integr8,912.43,973.81,BUNKERWORLD,2026-04-06
2022-03-02,38,Dubai,MGO,1977.6,782.38,1547234.69,Bunker One,1738.17,1770.23,BUNKERWORLD,2026-04-06
2022-03-14,16,Hamburg,VLSFO,372.43,649.82,242012.46,Bunker One,264.3,1268.25,BUNKERWORLD,2026-04-06
2022-02-27,76,Hamburg,LNG,2506.29,542.04,1358509.43,World Fuel Services,875.05,2601.52,BUNKERWORLD,2026-04-06
2022-03-17,102,Shanghai,LSMGO,2912.77,509.89,1485192.3,World Fuel Services,818.86,2008.35,BUNKERWORLD,2026-04-06
2022-01-13,39,Busan,VLSFO,2744.01,689.74,1892653.46,Bomin,1660.37,1290.76,BUNKERWORLD,2026-04-06
2022-01-13,122,Dubai,LSMGO,2133.44,690.5,1473140.32,Integr8,531.06,761.41,BUNKERWORLD,2026-04-06
2022-02-27,34,Montreal,MGO,2295.46,714.57,1640266.85,Integr8,288.62,2150.81,BUNKERWORLD,2026-04-06
2022-02-16,6,Busan,HFO,692.42,576.34,399069.34,Integr8,293.69,847.88,BUNKERWORLD,2026-04-06
2021-12-28,3,Melbourne,LSMGO,1355.96,824.44,1117907.66,Bomin,1644.95,2148.38,BUNKERWORLD,2026-04-06
2022-01-30,131,Hamburg,MGO,2082.24,362.04,753854.17,Peninsula,828.91,1038.6,BUNKERWORLD,2026-04-06
2022-03-13,16,Hamburg,LSMGO,591.33,661.28,391034.7,Bunker One,1115.84,1063.22,BUNKERWORLD,2026-04-06
2022-03-06,145,Montreal,HFO,1395.28,422.24,589143.03,Bunker One,397.05,1886.51,BUNKERWORLD,2026-04-06
2022-01-22,67,Melbourne,VLSFO,200.98,390.79,78540.97,World Fuel Services,657.04,2802.66,BUNKERWORLD,2026-04-06
2022-03-10,21,Melbourne,LSMGO,2866.84,789.25,2262653.47,Bunker One,1472.15,710.42,BUNKERWORLD,2026-04-06
2022-02-24,6,Dubai,HFO,1796.56,846.3,1520428.73,Integr8,480.48,546.84,BUNKERWORLD,2026-04-06
2022-03-01,122,Shanghai,LSMGO,1393.29,680.14,947632.26,Peninsula,1915.47,2218.27,BUNKERWORLD,2026-04-06
2022-03-25,101,Montreal,VLSFO,2053.77,644.34,1323326.16,Bunker One,1128.31,2513.02,BUNKERWORLD,2026-04-06
2022-01-05,52,Busan,MGO,110.63,832.89,92142.62,Bunker One,714.31,1308.05,BUNKERWORLD,2026-04-06
2022-01-19,56,Montreal,VLSFO,2276.47,709.21,1614495.29,Bomin,465.46,1343.66,BUNKERWORLD,2026-04-06
2022-01-21,63,Santos,LSMGO,2432.89,494.54,1203161.42,Bunker One,1595.66,721.06,BUNKERWORLD,2026-04-06
2022-03-25,59,Santos,VLSFO,474.58,573.77,272299.77,Peninsula,1018.38,1066.88,BUNKERWORLD,2026-04-06
2022-02-03,115,Melbourne,LNG,1781.14,787.49,1402629.94,Integr8,1477.67,2929.09,BUNKERWORLD,2026-04-06
2022-02-14,77,Melbourne,VLSFO,1726.85,812.72,1403445.53,Peninsula,1899.72,1283.48,BUNKERWORLD,2026-04-06
2022-01-27,134,Dubai,VLSFO,2140.45,617.43,1321578.04,Bomin,580.72,639.55,BUNKERWORLD,2026-04-06
2022-03-26,68,Santos,HFO,2135.18,772.19,1648764.64,World Fuel Services,210.65,2213.91,BUNKERWORLD,2026-04-06
2022-03-09,45,Shanghai,MGO,1018.14,725.01,738161.68,Bomin,301.99,2786.06,BUNKERWORLD,2026-04-06
2022-01-27,38,Hamburg,LSMGO,2266.72,665.68,1508910.17,Bomin,1183.98,2692.55,BUNKERWORLD,2026-04-06
2022-01-21,116,Singapore,LSMGO,2593.35,380.7,987288.34,Peninsula,335.88,2392.18,BUNKERWORLD,2026-04-06
2022-02-22,18,Shanghai,VLSFO,1294.06,556.6,720273.8,Peninsula,1048.07,1322.9,BUNKERWORLD,2026-04-06
2022-01-03,105,Melbourne,HFO,2259.74,353.57,798976.27,Peninsula,1965.04,1980.66,BUNKERWORLD,2026-04-06
2022-02-17,131,Hamburg,LSMGO,2906.48,508.62,1478293.86,Integr8,1556.86,1614.94,BUNKERWORLD,2026-04-06
2022-01-02,35,Houston,LSMGO,2033.07,819.16,1665409.62,World Fuel Services,1105.93,900.56,BUNKERWORLD,2026-04-06
2022-02-19,108,Singapore,VLSFO,1915.09,353.18,676371.49,Integr8,359.77,2117.52,BUNKERWORLD,2026-04-06
2022-03-12,47,Busan,LSMGO,201.86,757.3,152868.58,World Fuel Services,1119.88,797.15,BUNKERWORLD,2026-04-06
2022-03-13,93,Busan,MGO,2721.18,755.57,2056041.97,Integr8,785.39,2805.78,BUNKERWORLD,2026-04-06
2022-01-08,19,Singapore,LSMGO,2572.31,588.48,1513752.99,World Fuel Services,1525.35,1017.11,BUNKERWORLD,2026-04-06
2022-03-26,142,Busan,LSMGO,540.44,475.97,257233.23,Integr8,1178.36,689.19,BUNKERWORLD,2026-04-06
2022-01-29,96,Dubai,LSMGO,160.35,769.97,123464.69,Bomin,126.9,583.06,BUNKERWORLD,2026-04-06
2022-02-12,84,Dubai,LNG,85.32,530.17,45234.1,Peninsula,494.62,2969.24,BUNKERWORLD,2026-04-06
2022-03-10,32,Rotterdam,LSMGO,539.82,606.24,327260.48,Bunker One,1548.09,1110.58,BUNKERWORLD,2026-04-06
2022-01-07,75,Singapore,LNG,2097.85,727.63,1526458.6,Bunker One,168.99,1830.42,BUNKERWORLD,2026-04-06
2022-03-12,6,Dubai,LSMGO,1153.24,478.23,551513.97,Peninsula,1256.84,1264.36,BUNKERWORLD,2026-04-06
2022-03-02,121,Melbourne,LSMGO,845.81,796.08,673332.42,Integr8,1289.09,2982.68,BUNKERWORLD,2026-04-06
2021-12-27,6,Shanghai,VLSFO,2854.79,558.13,1593343.94,World Fuel Services,457.27,1262.48,BUNKERWORLD,2026-04-06
2022-03-26,100,Dubai,VLSFO,1799.51,682.91,1228903.37,Bunker One,452.9,1500.62,BUNKERWORLD,2026-04-06
2022-03-14,31,Houston,HFO,601.49,593.07,356725.67,Bomin,874.95,2720.78,BUNKERWORLD,2026-04-06
2022-03-08,66,Santos,LNG,421.08,506.48,213268.6,Integr8,1385.05,1814.07,BUNKERWORLD,2026-04-06
2022-03-02,104,Montreal,VLSFO,1527.62,814.68,1244521.46,Integr8,1306.87,2869.5,BUNKERWORLD,2026-04-06
2022-02-28,141,Singapore,VLSFO,693.11,722.8,500979.91,Integr8,891.71,791.64,BUNKERWORLD,2026-04-06
2022-02-28,140,Shanghai,HFO,252.58,736.89,186123.68,Peninsula,1815.32,1798.18,BUNKERWORLD,2026-04-06
2022-02-12,110,Montreal,LSMGO,1288.8,609.24,785188.51,Bunker One,626.28,2819.57,BUNKERWORLD,2026-04-06
2022-02-02,78,Melbourne,VLSFO,1814.68,364.81,662013.41,Integr8,1634.94,1975.1,BUNKERWORLD,2026-04-06
2022-01-21,119,Melbourne,HFO,409.1,751.93,307614.56,Bomin,1400.17,1357.8,BUNKERWORLD,2026-04-06
2022-03-16,141,Melbourne,HFO,1724.67,766.43,1321838.83,Integr8,1565.96,2442.46,BUNKERWORLD,2026-04-06
2022-03-22,119,Shanghai,HFO,2139.56,360.69,771717.9,Integr8,413.7,2520.72,BUNKERWORLD,2026-04-06
2022-03-04,45,Shanghai,MGO,1912.74,793.15,1517089.73,Bomin,273.45,2355.05,BUNKERWORLD,2026-04-06
2022-01-20,40,Dubai,LNG,1703.13,496.62,845808.42,Bomin,1273.34,1493.12,BUNKERWORLD,2026-04-06
2022-01-01,9,Montreal,MGO,2541.8,459.68,1168414.62,Bunker One,964.82,948.4,BUNKERWORLD,2026-04-06
2022-01-13,96,Houston,MGO,1609.04,736.73,1185428.04,Bunker One,428.69,1476.37,BUNKERWORLD,2026-04-06
2022-01-13,8,Houston,MGO,1790.59,593.99,1063592.55,Bomin,1208.29,2387.85,BUNKERWORLD,2026-04-06
2022-03-23,98,Houston,LNG,2764.32,632.07,1747243.74,World Fuel Services,585.72,1166.23,BUNKERWORLD,2026-04-06
2022-01-05,67,Montreal,MGO,1262.58,460.08,580887.81,Integr8,496.0,1396.7,BUNKERWORLD,2026-04-06
2022-02-08,54,Houston,VLSFO,1164.09,498.91,580776.14,Integr8,115.01,620.62,BUNKERWORLD,2026-04-06
2022-01-07,93,Busan,HFO,2616.58,656.92,1718883.73,Bunker One,320.61,1813.43,BUNKERWORLD,2026-04-06
2022-03-24,73,Rotterdam,LNG,2656.79,759.44,2017672.6,Bomin,1476.14,1421.25,BUNKERWORLD,2026-04-06
2022-01-04,16,Santos,HFO,731.72,702.03,513689.39,Bomin,1675.31,899.05,BUNKERWORLD,2026-04-06
2022-03-18,25,Melbourne,LSMGO,464.31,788.8,366247.73,Peninsula,1680.11,2440.57,BUNKERWORLD,2026-04-06
2022-01-26,75,Dubai,LSMGO,661.14,395.05,261183.36,World Fuel Services,849.3,1790.46,BUNKERWORLD,2026-04-06
2022-03-26,128,Hamburg,LSMGO,982.46,670.08,658326.8,Bunker One,278.3,2174.8,BUNKERWORLD,2026-04-06
2022-02-25,143,Busan,MGO,2322.81,669.85,1555934.28,World Fuel Services,1811.98,2676.66,BUNKERWORLD,2026-04-06
2022-01-04,38,Hamburg,HFO,2324.39,451.26,1048904.23,Peninsula,623.97,736.63,BUNKERWORLD,2026-04-06
2022-01-18,9,Rotterdam,LSMGO,1218.15,404.92,493253.3,Bunker One,1634.38,1124.41,BUNKERWORLD,2026-04-06
2022-01-14,144,Montreal,VLSFO,1065.32,589.55,628059.41,Bomin,1491.88,2180.71,BUNKERWORLD,2026-04-06
2022-01-02,49,Rotterdam,LNG,1528.72,764.22,1168278.4,Bunker One,276.5,2241.79,BUNKERWORLD,2026-04-06
2022-02-04,115,Houston,HFO,2370.18,678.47,1608096.02,Bomin,720.25,1213.25,BUNKERWORLD,2026-04-06
2022-02-19,149,Santos,HFO,176.2,631.63,111293.21,Peninsula,1657.03,1378.92,BUNKERWORLD,2026-04-06
2021-12-27,147,Rotterdam,HFO,1144.29,535.59,612870.28,Bomin,1153.23,1927.62,BUNKERWORLD,2026-04-06
2022-01-28,110,Busan,LSMGO,2053.93,386.93,794727.13,World Fuel Services,1506.13,1170.39,BUNKERWORLD,2026-04-06
2022-02-28,111,Melbourne,VLSFO,2253.6,440.67,993093.91,Peninsula,1559.67,2782.64,BUNKERWORLD,2026-04-06
2022-03-14,4,Dubai,VLSFO,1506.87,467.08,703828.84,Integr8,406.69,941.65,BUNKERWORLD,2026-04-06
2022-03-21,113,Santos,LSMGO,2495.13,500.31,1248338.49,Peninsula,1033.76,1658.99,BUNKERWORLD,2026-04-06
2022-01-28,72,Dubai,LSMGO,2517.38,789.55,1987597.38,Peninsula,406.3,1671.67,BUNKERWORLD,2026-04-06
2022-03-08,16,Singapore,LSMGO,880.45,838.81,738530.26,World Fuel Services,1838.69,2483.01,BUNKERWORLD,2026-04-06
2022-02-16,25,Montreal,MGO,1906.43,564.2,1075607.81,Bomin,265.28,575.75,BUNKERWORLD,2026-04-06
2022-01-16,7,Dubai,LNG,222.68,836.09,186180.52,World Fuel Services,843.23,2719.62,BUNKERWORLD,2026-04-06
2022-01-19,138,Shanghai,LSMGO,2041.25,564.12,1151509.95,World Fuel Services,1673.63,2400.7,BUNKERWORLD,2026-04-06
2022-01-24,4,Singapore,VLSFO,2203.31,824.29,1816166.4,Bunker One,446.79,661.93,BUNKERWORLD,2026-04-06
2022-02-12,5,Dubai,HFO,1234.37,687.16,848209.69,World Fuel Services,1272.16,1957.64,BUNKERWORLD,2026-04-06
2022-01-14,9,Santos,HFO,2186.08,484.15,1058390.63,Bunker One,650.48,548.39,BUNKERWORLD,2026-04-06
2022-01-26,142,Houston,MGO,397.67,664.89,264406.81,Bomin,1079.35,2714.67,BUNKERWORLD,2026-04-06
2022-01-21,87,Santos,MGO,1476.08,358.89,529750.35,Bunker One,1084.04,880.82,BUNKERWORLD,2026-04-06
2022-03-05,127,Hamburg,MGO,2276.65,587.72,1338032.74,Peninsula,1403.03,2279.34,BUNKERWORLD,2026-04-06
2022-01-31,70,Montreal,MGO,693.57,471.79,327219.39,World Fuel Services,1395.91,544.35,BUNKERWORLD,2026-04-06
2022-02-12,131,Busan,VLSFO,1178.87,460.71,543117.2,Integr8,586.21,654.26,BUNKERWORLD,2026-04-06
2022-03-15,106,Singapore,HFO,77.55,421.46,32684.22,Peninsula,1842.21,2561.21,BUNKERWORLD,2026-04-06
2022-03-08,77,Rotterdam,LNG,1884.65,813.75,1533633.94,Bomin,276.36,2160.04,BUNKERWORLD,2026-04-06
2022-01-24,93,Montreal,LNG,1811.03,361.84,655303.1,Bunker One,355.46,2000.17,BUNKERWORLD,2026-04-06
2022-02-25,20,Dubai,MGO,1714.22,629.95,1079872.89,Bunker One,1260.74,1842.39,BUNKERWORLD,2026-04-06
2022-03-01,15,Hamburg,HFO,2001.81,625.98,1253093.02,Peninsula,625.9,2451.51,BUNKERWORLD,2026-04-06
2022-03-26,128,Singapore,LSMGO,191.58,414.2,79352.44,Bomin,894.6,2494.61,BUNKERWORLD,2026-04-06
2022-03-03,36,Dubai,LSMGO,117.16,843.25,98795.17,Bunker One,804.86,782.24,BUNKERWORLD,2026-04-06
2022-01-21,1,Santos,VLSFO,2091.64,551.33,1153183.88,World Fuel Services,817.72,1157.96,BUNKERWORLD,2026-04-06
2022-03-25,5,Montreal,LSMGO,1253.75,424.41,532104.04,Bomin,1059.91,560.4,BUNKERWORLD,2026-04-06
2022-03-11,41,Montreal,HFO,52.28,384.2,20085.98,World Fuel Services,257.09,1992.28,BUNKERWORLD,2026-04-06
2022-02-04,18,Montreal,MGO,1292.96,490.19,633796.06,Bomin,433.37,2334.25,BUNKERWORLD,2026-04-06
2022-01-28,115,Hamburg,HFO,85.31,450.9,38466.28,Bomin,1831.73,1535.7,BUNKERWORLD,2026-04-06
2022-01-19,10,Melbourne,HFO,1912.13,812.42,1553452.65,Peninsula,1371.01,1932.48,BUNKERWORLD,2026-04-06
2022-02-06,53,Singapore,MGO,2134.4,424.2,905412.48,World Fuel Services,1872.99,2944.06,BUNKERWORLD,2026-04-06
2022-03-06,84,Melbourne,LSMGO,1964.2,409.77,804870.23,Bunker One,911.37,1481.78,BUNKERWORLD,2026-04-06
2022-02-16,36,Busan,MGO,1987.08,688.16,1367428.97,Bomin,411.74,1842.2,BUNKERWORLD,2026-04-06
2022-01-10,129,Houston,LSMGO,2939.5,588.95,1731218.53,World Fuel Services,1076.09,555.5,BUNKERWORLD,2026-04-06
2022-03-26,86,Houston,HFO,999.75,591.16,591012.21,World Fuel Services,1087.69,1197.98,BUNKERWORLD,2026-04-06
2022-02-05,50,Melbourne,HFO,289.43,496.07,143577.54,Peninsula,1292.3,1093.1,BUNKERWORLD,2026-04-06
2022-02-17,72,Dubai,LSMGO,804.5,512.02,411920.09,Bomin,343.99,1068.52,BUNKERWORLD,2026-04-06
2022-02-01,105,Shanghai,MGO,766.68,570.73,437567.28,Bunker One,509.92,1408.71,BUNKERWORLD,2026-04-06
2022-01-13,147,Hamburg,LSMGO,2755.04,754.29,2078099.12,Bunker One,1882.24,2242.61,BUNKERWORLD,2026-04-06
2022-01-31,87,Shanghai,HFO,1448.9,830.32,1203050.65,Peninsula,846.4,1197.05,BUNKERWORLD,2026-04-06
2022-01-15,98,Dubai,HFO,1017.21,576.92,586848.79,Bunker One,1060.08,602.14,BUNKERWORLD,2026-04-06
2022-01-26,145,Singapore,MGO,2310.82,364.73,842825.38,Bunker One,280.91,603.56,BUNKERWORLD,2026-04-06
2022-03-10,9,Busan,LNG,2096.17,436.79,915586.09,World Fuel Services,260.26,739.94,BUNKERWORLD,2026-04-06
2022-01-31,115,Shanghai,HFO,2773.49,709.78,1968567.73,Peninsula,1464.43,2143.32,BUNKERWORLD,2026-04-06
2022-02-26,100,Houston,LSMGO,1919.93,805.07,1545678.05,Peninsula,1927.08,697.9,BUNKERWORLD,2026-04-06
2022-02-22,44,Singapore,LSMGO,1194.95,622.81,744226.81,Bomin,1499.07,2042.54,BUNKERWORLD,2026-04-06
2022-03-21,115,Shanghai,LNG,81.06,779.34,63173.3,Integr8,1053.06,1401.35,BUNKERWORLD,2026-04-06
2022-01-27,104,Santos,MGO,2771.11,547.37,1516822.48,Bunker One,465.5,1202.38,BUNKERWORLD,2026-04-06
2022-01-24,73,Houston,LSMGO,100.67,401.78,40447.19,World Fuel Services,1489.33,822.94,BUNKERWORLD,2026-04-06
2022-01-12,91,Busan,MGO,1345.77,811.05,1091486.76,Peninsula,151.41,2140.75,BUNKERWORLD,2026-04-06
2022-02-09,86,Busan,LSMGO,2552.23,843.24,2152142.43,Peninsula,678.88,650.85,BUNKERWORLD,2026-04-06
2022-01-20,61,Santos,LNG,2505.69,775.59,1943388.11,Integr8,1991.18,2142.34,BUNKERWORLD,2026-04-06
2022-02-12,18,Dubai,VLSFO,1141.82,833.73,951969.59,Integr8,249.86,2448.11,BUNKERWORLD,2026-04-06
2022-03-24,41,Montreal,MGO,1557.32,473.54,737453.31,World Fuel Services,224.75,1481.68,BUNKERWORLD,2026-04-06
2022-03-25,145,Santos,LSMGO,1048.52,756.3,792995.68,Integr8,1252.9,2303.5,BUNKERWORLD,2026-04-06
2022-02-24,93,Melbourne,HFO,1624.83,732.7,1190512.94,Integr8,777.37,1826.39,BUNKERWORLD,2026-04-06
2021-12-31,134,Busan,MGO,600.47,720.99,432932.87,World Fuel Services,1246.06,1982.07,BUNKERWORLD,2026-04-06
2022-02-13,8,Rotterdam,VLSFO,990.2,364.03,360462.51,Integr8,350.15,1030.64,BUNKERWORLD,2026-04-06
2022-02-23,40,Santos,LNG,1921.17,683.1,1312351.23,Bunker One,117.03,1088.09,BUNKERWORLD,2026-04-06
2022-02-09,128,Rotterdam,HFO,2698.21,744.71,2009383.97,Bomin,1170.66,1136.71,BUNKERWORLD,2026-04-06
2022-02-19,12,Shanghai,MGO,2506.73,441.32,1106270.08,Bomin,1318.65,2852.3,BUNKERWORLD,2026-04-06
2022-03-16,92,Melbourne,LNG,1225.86,414.92,508633.83,Bunker One,1372.11,618.09,BUNKERWORLD,2026-04-06
2022-02-10,123,Dubai,LSMGO,1066.1,619.8,660768.78,Bunker One,695.93,2894.38,BUNKERWORLD,2026-04-06
2022-03-19,41,Busan,HFO,2691.41,593.68,1597836.29,Integr8,714.9,648.02,BUNKERWORLD,2026-04-06
2022-02-26,120,Rotterdam,HFO,854.7,414.57,354332.98,Integr8,704.27,922.24,BUNKERWORLD,2026-04-06
2022-02-14,106,Montreal,LSMGO,2589.02,815.01,2110077.19,World Fuel Services,1363.83,2716.26,BUNKERWORLD,2026-04-06
2022-03-12,37,Busan,LNG,2221.45,628.15,1395403.82,Peninsula,1411.36,1481.6,BUNKERWORLD,2026-04-06
2022-02-02,123,Rotterdam,HFO,1830.92,789.52,1445547.96,Bomin,234.22,2429.22,BUNKERWORLD,2026-04-06
2022-02-18,65,Rotterdam,HFO,1433.53,668.67,958558.51,Bomin,246.81,1391.25,BUNKERWORLD,2026-04-06
2022-02-08,36,Hamburg,LSMGO,980.62,772.23,757264.18,Peninsula,1090.4,842.67,BUNKERWORLD,2026-04-06
2022-03-12,108,Shanghai,VLSFO,2009.15,399.81,803278.26,Peninsula,450.76,636.1,BUNKERWORLD,2026-04-06
2022-03-13,97,Singapore,VLSFO,2743.35,510.4,1400205.84,Bunker One,390.07,1543.02,BUNKERWORLD,2026-04-06
2022-02-14,117,Singapore,LSMGO,1970.59,502.04,989315.0,Integr8,1643.06,1664.82,BUNKERWORLD,2026-04-06
2022-02-26,131,Santos,VLSFO,2479.24,549.85,1363210.11,Bunker One,1186.05,2736.11,BUNKERWORLD,2026-04-06
2022-03-20,61,Hamburg,VLSFO,526.14,646.33,340060.07,Bomin,320.71,1615.99,BUNKERWORLD,2026-04-06
2022-03-16,91,Shanghai,LSMGO,663.82,747.02,495886.82,Bomin,777.44,1824.8,BUNKERWORLD,2026-04-06
2022-02-01,96,Melbourne,VLSFO,1539.91,815.44,1255704.21,Integr8,949.44,1271.89,BUNKERWORLD,2026-04-06
2022-03-08,132,Dubai,LSMGO,2063.47,420.32,867317.71,Bunker One,1669.94,1540.59,BUNKERWORLD,2026-04-06
2022-02-28,7,Santos,LSMGO,2303.45,842.94,1941670.14,Bunker One,1543.54,2841.87,BUNKERWORLD,2026-04-06
2022-01-28,107,Shanghai,HFO,399.36,362.83,144899.79,Integr8,968.69,1709.2,BUNKERWORLD,2026-04-06
2022-01-22,27,Hamburg,HFO,76.05,561.92,42734.02,Peninsula,932.47,935.55,BUNKERWORLD,2026-04-06
2022-02-15,46,Rotterdam,LSMGO,2226.53,538.58,1199164.53,Bunker One,867.34,2868.6,BUNKERWORLD,2026-04-06
2022-01-23,32,Houston,HFO,133.99,755.09,101174.51,World Fuel Services,113.26,1933.04,BUNKERWORLD,2026-04-06
2022-01-04,42,Hamburg,VLSFO,945.17,755.23,713820.74,Bomin,1144.76,2762.45,BUNKERWORLD,2026-04-06
2022-01-11,7,Melbourne,LNG,467.18,412.14,192543.57,World Fuel Services,927.08,861.59,BUNKERWORLD,2026-04-06
2022-03-17,86,Houston,HFO,1014.82,818.68,830812.84,Bunker One,1908.14,1430.07,BUNKERWORLD,2026-04-06
2022-02-27,84,Hamburg,LNG,1721.18,470.38,809608.65,Integr8,1733.47,2307.21,BUNKERWORLD,2026-04-06
2022-01-13,26,Dubai,LNG,1665.74,757.25,1261381.61,World Fuel Services,524.2,2962.0,BUNKERWORLD,2026-04-06
2022-01-15,68,Shanghai,LNG,1568.43,573.18,898992.71,Integr8,1426.8,1264.28,BUNKERWORLD,2026-04-06
2022-03-22,21,Rotterdam,HFO,1295.14,400.16,518263.22,Bunker One,1445.44,1345.41,BUNKERWORLD,2026-04-06
2022-03-17,134,Montreal,MGO,419.55,620.46,260313.99,World Fuel Services,608.45,1970.0,BUNKERWORLD,2026-04-06
2022-02-16,145,Shanghai,LSMGO,1700.33,484.05,823044.74,Integr8,221.81,2211.54,BUNKERWORLD,2026-04-06
2022-03-16,108,Houston,VLSFO,2813.54,785.88,2211104.82,World Fuel Services,360.54,755.45,BUNKERWORLD,2026-04-06
2022-02-15,150,Houston,VLSFO,2013.35,716.11,1441780.07,Peninsula,917.86,535.85,BUNKERWORLD,2026-04-06
2022-03-01,145,Busan,VLSFO,2433.12,395.8,963028.9,World Fuel Services,103.73,1561.04,BUNKERWORLD,2026-04-06
2022-02-07,142,Hamburg,VLSFO,1180.15,602.84,711441.63,World Fuel Services,179.43,2846.58,BUNKERWORLD,2026-04-06
2022-03-11,16,Shanghai,HFO,2555.96,839.5,2145728.42,Peninsula,141.03,2427.28,BUNKERWORLD,2026-04-06
2021-12-27,66,Montreal,LNG,1856.62,407.39,756368.42,Peninsula,164.6,1900.93,BUNKERWORLD,2026-04-06
2022-02-21,34,Melbourne,LNG,337.22,777.73,262266.11,Integr8,436.47,1593.45,BUNKERWORLD,2026-04-06
2022-01-01,52,Busan,HFO,2766.42,528.18,1461167.72,World Fuel Services,1216.88,1042.52,BUNKERWORLD,2026-04-06
2022-01-02,105,Singapore,VLSFO,2446.67,628.18,1536949.16,World Fuel Services,834.85,551.22,BUNKERWORLD,2026-04-06
2022-03-18,91,Rotterdam,LNG,2841.55,687.33,1953082.56,World Fuel Services,137.35,2330.06,BUNKERWORLD,2026-04-06
2022-03-05,78,Dubai,MGO,2271.17,459.93,1044579.22,World Fuel Services,217.62,1426.14,BUNKERWORLD,2026-04-06
2022-01-15,68,Busan,VLSFO,105.67,662.47,70003.2,Integr8,178.01,834.98,BUNKERWORLD,2026-04-06
2022-02-10,131,Hamburg,VLSFO,1602.92,804.98,1290318.54,Bomin,1862.26,1364.99,BUNKERWORLD,2026-04-06
2022-01-18,105,Rotterdam,VLSFO,2800.2,400.54,1121592.11,Bunker One,1171.35,552.33,BUNKERWORLD,2026-04-06
2022-01-01,52,Dubai,MGO,1525.94,528.2,806001.51,World Fuel Services,1296.34,2549.88,BUNKERWORLD,2026-04-06
2022-03-25,133,Montreal,HFO,1106.1,735.61,813658.22,Bomin,1596.44,601.23,BUNKERWORLD,2026-04-06
2022-03-22,54,Busan,LNG,240.96,563.12,135689.4,Bomin,1361.29,2274.02,BUNKERWORLD,2026-04-06
2022-03-12,77,Santos,MGO,1562.54,605.76,946524.23,World Fuel Services,293.96,2956.29,BUNKERWORLD,2026-04-06
2021-12-28,146,Singapore,VLSFO,2458.94,538.91,1325147.36,Bomin,1183.61,2610.26,BUNKERWORLD,2026-04-06
2022-01-15,37,Houston,MGO,2963.81,484.27,1435284.27,Bomin,1602.81,1812.65,BUNKERWORLD,2026-04-06
2022-03-21,73,Hamburg,MGO,465.16,435.63,202637.65,Integr8,607.33,2725.52,BUNKERWORLD,2026-04-06
2022-02-25,106,Busan,MGO,1993.48,549.82,1096055.17,Integr8,1133.96,2926.33,BUNKERWORLD,2026-04-06
2022-01-13,71,Santos,VLSFO,961.71,686.44,660156.21,Integr8,757.5,2833.92,BUNKERWORLD,2026-04-06
2022-01-29,11,Santos,VLSFO,1156.6,733.55,848423.93,Peninsula,1742.88,1553.82,BUNKERWORLD,2026-04-06
2022-02-18,15,Rotterdam,HFO,1370.21,607.74,832731.43,World Fuel Services,256.98,2949.52,BUNKERWORLD,2026-04-06
2022-01-16,50,Hamburg,VLSFO,860.04,571.32,491358.05,World Fuel Services,520.06,1305.03,BUNKERWORLD,2026-04-06
2022-01-01,72,Rotterdam,VLSFO,2263.62,395.51,895284.35,Bunker One,388.8,810.0,BUNKERWORLD,2026-04-06
2022-02-04,18,Montreal,LSMGO,2077.36,544.88,1131911.92,Integr8,1750.01,1710.26,BUNKERWORLD,2026-04-06
2022-02-06,114,Dubai,VLSFO,2449.49,792.39,1940951.38,Peninsula,875.98,1674.44,BUNKERWORLD,2026-04-06
2022-01-15,122,Rotterdam,LNG,747.1,722.22,539570.56,Integr8,1366.15,1661.58,BUNKERWORLD,2026-04-06
2021-12-31,119,Montreal,HFO,1336.45,822.59,1099350.41,Bunker One,962.18,2646.47,BUNKERWORLD,2026-04-06
2022-02-25,149,Melbourne,LSMGO,1104.97,544.54,601700.36,Integr8,383.21,2956.41,BUNKERWORLD,2026-04-06
2022-03-15,23,Singapore,MGO,62.99,494.07,31121.47,Bomin,1990.65,2842.22,BUNKERWORLD,2026-04-06
2022-02-26,38,Rotterdam,LSMGO,1144.16,658.79,753761.17,Integr8,871.17,2115.67,BUNKERWORLD,2026-04-06
2022-02-16,32,Houston,MGO,2742.75,382.25,1048416.19,Peninsula,612.57,2710.77,BUNKERWORLD,2026-04-06
2022-01-22,90,Montreal,LNG,1142.04,784.36,895770.49,World Fuel Services,1871.4,2524.29,BUNKERWORLD,2026-04-06
2022-01-30,129,Santos,LSMGO,2580.23,415.88,1073066.05,Bomin,1388.01,2085.89,BUNKERWORLD,2026-04-06
2022-02-28,22,Singapore,MGO,702.01,539.23,378544.85,Peninsula,738.34,1450.3,BUNKERWORLD,2026-04-06
2022-01-10,27,Hamburg,HFO,2551.46,605.83,1545751.01,World Fuel Services,472.93,1518.39,BUNKERWORLD,2026-04-06
2022-01-17,68,Shanghai,LNG,288.53,783.65,226106.53,Bomin,1266.02,1620.4,BUNKERWORLD,2026-04-06
2022-03-21,41,Melbourne,HFO,172.4,637.22,109856.73,Bomin,729.27,2288.15,BUNKERWORLD,2026-04-06
2022-02-26,132,Houston,HFO,2875.33,425.61,1223769.2,Integr8,1505.72,2335.01,BUNKERWORLD,2026-04-06
2022-03-18,16,Montreal,VLSFO,1824.22,826.78,1508228.61,Integr8,476.54,2561.04,BUNKERWORLD,2026-04-06
2022-01-01,6,Singapore,MGO,294.12,505.9,148795.31,Integr8,815.05,1090.97,BUNKERWORLD,2026-04-06
2022-01-03,74,Montreal,LSMGO,197.7,537.3,106224.21,World Fuel Services,276.24,748.35,BUNKERWORLD,2026-04-06
2022-01-17,78,Santos,LNG,2284.88,454.08,1037518.31,Bomin,1643.33,2104.29,BUNKERWORLD,2026-04-06
2022-01-15,82,Santos,VLSFO,2892.72,510.24,1475981.45,Bomin,1367.33,2804.12,BUNKERWORLD,2026-04-06
2022-03-22,149,Shanghai,LSMGO,156.08,449.57,70168.89,Peninsula,1291.29,2289.33,BUNKERWORLD,2026-04-06
2022-02-16,60,Busan,HFO,2302.96,540.24,1244151.11,World Fuel Services,1640.77,2249.46,BUNKERWORLD,2026-04-06
2022-03-09,88,Montreal,MGO,2698.16,351.33,947944.55,Integr8,1474.73,1054.8,BUNKERWORLD,2026-04-06
2022-03-14,4,Houston,MGO,1250.43,377.54,472087.34,Integr8,767.65,2702.39,BUNKERWORLD,2026-04-06
2022-02-22,48,Montreal,HFO,888.75,463.84,412237.8,Bomin,449.86,2694.7,BUNKERWORLD,2026-04-06
2022-03-11,82,Busan,LNG,1844.6,733.92,1353788.83,Bomin,213.9,563.94,BUNKERWORLD,2026-04-06
2022-03-05,26,Santos,HFO,2096.51,544.53,1141612.59,Bomin,1830.57,1421.16,BUNKERWORLD,2026-04-06
2022-02-17,34,Montreal,HFO,1960.44,371.0,727323.24,Bomin,137.86,1939.1,BUNKERWORLD,2026-04-06
2022-01-20,29,Dubai,MGO,1265.01,722.3,913716.72,Peninsula,230.41,2258.95,BUNKERWORLD,2026-04-06
2022-01-16,36,Dubai,HFO,1093.4,399.61,436933.57,Integr8,1544.91,775.79,BUNKERWORLD,2026-04-06
2022-01-09,113,Melbourne,HFO,211.05,463.07,97730.92,Bomin,1307.25,2415.29,BUNKERWORLD,2026-04-06
2022-02-06,23,Busan,MGO,2511.39,392.22,985017.39,World Fuel Services,831.25,2264.62,BUNKERWORLD,2026-04-06
2022-03-23,122,Singapore,VLSFO,1170.26,446.18,522146.61,Bunker One,999.53,929.26,BUNKERWORLD,2026-04-06
2022-03-25,64,Rotterdam,LSMGO,622.85,487.55,303670.52,Bunker One,876.04,1219.31,BUNKERWORLD,2026-04-06
2022-01-31,106,Shanghai,VLSFO,1954.93,667.0,1303938.31,Integr8,1802.81,1634.13,BUNKERWORLD,2026-04-06
2022-02-08,141,Melbourne,HFO,1871.69,379.78,710830.43,Bunker One,387.08,1858.11,BUNKERWORLD,2026-04-06
2022-02-27,25,Shanghai,LSMGO,2307.78,834.03,1924757.75,Integr8,621.99,1707.22,BUNKERWORLD,2026-04-06
2022-03-17,102,Dubai,MGO,2377.53,480.1,1141452.15,World Fuel Services,1006.99,607.83,BUNKERWORLD,2026-04-06
2022-01-06,122,Rotterdam,MGO,360.49,384.51,138612.01,Bunker One,1563.61,865.13,BUNKERWORLD,2026-04-06
2022-02-16,136,Houston,VLSFO,1123.94,407.17,457634.65,Peninsula,800.66,1064.97,BUNKERWORLD,2026-04-06
2022-02-25,124,Singapore,LSMGO,613.67,754.13,462786.96,Integr8,1400.65,891.46,BUNKERWORLD,2026-04-06
2022-02-26,113,Houston,LSMGO,815.39,736.88,600844.58,Peninsula,1583.38,2066.89,BUNKERWORLD,2026-04-06
2022-03-12,128,Hamburg,HFO,576.81,822.96,474691.56,Bomin,1126.99,1540.07,BUNKERWORLD,2026-04-06
2022-02-24,67,Montreal,LNG,1677.34,435.35,730229.97,Integr8,191.1,1555.81,BUNKERWORLD,2026-04-06
2022-03-04,54,Rotterdam,LSMGO,1049.25,380.71,399459.97,Bomin,707.79,1576.07,BUNKERWORLD,2026-04-06
2022-03-06,29,Houston,HFO,2362.01,403.34,952693.11,World Fuel Services,1298.77,508.78,BUNKERWORLD,2026-04-06
2022-01-18,110,Busan,VLSFO,2524.87,667.74,1685956.69,Integr8,336.53,2400.73,BUNKERWORLD,2026-04-06
2022-01-03,28,Busan,HFO,1489.87,816.13,1215927.6,Integr8,217.87,1019.78,BUNKERWORLD,2026-04-06
2022-03-07,118,Hamburg,VLSFO,2784.9,579.87,1614879.96,Bunker One,1822.57,1929.82,BUNKERWORLD,2026-04-06
2022-01-28,150,Shanghai,MGO,1011.98,631.77,639338.6,Bunker One,1585.03,729.18,BUNKERWORLD,2026-04-06
2022-01-25,44,Melbourne,LSMGO,1820.48,365.47,665330.83,Bunker One,717.66,1657.52,BUNKERWORLD,2026-04-06
2022-01-02,117,Busan,LSMGO,440.71,573.97,252954.32,Bunker One,354.81,1868.32,BUNKERWORLD,2026-04-06
2022-03-22,100,Rotterdam,HFO,706.25,450.17,317932.56,Bunker One,1395.85,2355.17,BUNKERWORLD,2026-04-06
2022-03-23,19,Montreal,LSMGO,1906.4,774.2,1475934.88,Peninsula,459.78,1354.77,BUNKERWORLD,2026-04-06
2022-01-04,69,Busan,MGO,2782.69,440.96,1227054.98,World Fuel Services,1579.66,1419.97,BUNKERWORLD,2026-04-06
2022-02-22,11,Montreal,MGO,2306.05,374.52,863661.85,World Fuel Services,360.56,888.09,BUNKERWORLD,2026-04-06
2022-03-03,91,Shanghai,LNG,1198.28,564.53,676465.01,Peninsula,1844.73,1079.67,BUNKERWORLD,2026-04-06
2022-02-09,47,Busan,LSMGO,2257.15,399.89,902611.71,Bomin,1977.59,2566.85,BUNKERWORLD,2026-04-06
2022-03-02,90,Busan,HFO,1106.56,706.41,781685.05,Peninsula,1894.54,2128.06,BUNKERWORLD,2026-04-06
2022-03-09,119,Singapore,HFO,2221.04,728.22,1617405.75,Bunker One,951.08,1146.91,BUNKERWORLD,2026-04-06
2022-03-09,106,Busan,LNG,2012.12,633.12,1273913.41,Integr8,747.61,2809.52,BUNKERWORLD,2026-04-06
2022-02-07,146,Hamburg,MGO,2507.71,787.94,1975925.02,World Fuel Services,1622.94,2972.82,BUNKERWORLD,2026-04-06
2022-01-26,3,Shanghai,HFO,2834.24,662.52,1877740.68,World Fuel Services,360.52,2900.77,BUNKERWORLD,2026-04-06
2022-01-23,52,Busan,VLSFO,370.07,445.84,164992.01,World Fuel Services,1154.32,2887.46,BUNKERWORLD,2026-04-06
2022-01-13,57,Hamburg,MGO,1021.53,399.86,408468.99,Bunker One,1549.71,1330.55,BUNKERWORLD,2026-04-06
2021-12-29,18,Rotterdam,VLSFO,720.74,647.82,466909.79,World Fuel Services,642.89,932.08,BUNKERWORLD,2026-04-06
2022-03-22,141,Busan,LSMGO,801.6,784.53,628879.25,Integr8,295.43,2334.81,BUNKERWORLD,2026-04-06
2022-01-04,63,Montreal,MGO,1522.27,421.43,641530.25,Peninsula,1569.87,1139.06,BUNKERWORLD,2026-04-06
2022-02-10,42,Santos,MGO,1841.41,777.56,1431806.76,Peninsula,1312.5,2247.81,BUNKERWORLD,2026-04-06
2022-02-24,140,Shanghai,LNG,363.62,683.43,248508.82,Peninsula,1395.35,712.53,BUNKERWORLD,2026-04-06
2022-01-26,28,Dubai,MGO,342.05,478.1,163534.11,World Fuel Services,427.26,779.47,BUNKERWORLD,2026-04-06
2022-01-05,13,Montreal,MGO,2277.08,804.23,1831296.05,Peninsula,1037.64,2152.66,BUNKERWORLD,2026-04-06
2022-02-02,37,Rotterdam,MGO,2231.7,612.02,1365845.03,Bunker One,487.78,2564.31,BUNKERWORLD,2026-04-06
2022-03-23,117,Busan,LSMGO,904.47,620.06,560825.67,Peninsula,458.85,2743.87,BUNKERWORLD,2026-04-06
2021-12-31,4,Hamburg,MGO,2613.22,387.94,1013772.57,World Fuel Services,1252.11,2529.47,BUNKERWORLD,2026-04-06
2021-12-31,114,Melbourne,LNG,1773.02,435.86,772788.5,Bomin,850.03,875.48,BUNKERWORLD,2026-04-06
2022-03-08,51,Montreal,LNG,2889.05,651.22,1881407.14,Bunker One,1069.68,2674.48,BUNKERWORLD,2026-04-06
2022-03-01,8,Santos,HFO,2002.33,506.86,1014900.98,Bunker One,1562.82,731.12,BUNKERWORLD,2026-04-06
2022-03-20,54,Houston,MGO,2731.73,814.44,2224830.18,Bunker One,1005.66,1535.25,BUNKERWORLD,2026-04-06
2022-01-15,137,Hamburg,VLSFO,1039.08,654.27,679838.87,Integr8,1151.0,2393.23,BUNKERWORLD,2026-04-06
2022-03-16,63,Melbourne,LSMGO,2569.94,397.7,1022065.14,World Fuel Services,1779.44,908.93,BUNKERWORLD,2026-04-06
2022-01-12,37,Melbourne,HFO,2326.7,755.13,1756960.97,Peninsula,1924.85,1788.39,BUNKERWORLD,2026-04-06
2022-01-26,149,Rotterdam,HFO,1638.25,637.94,1045105.21,Bunker One,1538.73,1692.24,BUNKERWORLD,2026-04-06
2022-01-15,8,Santos,MGO,463.57,722.86,335096.21,Peninsula,405.03,580.83,BUNKERWORLD,2026-04-06
2021-12-28,149,Santos,LNG,2889.83,716.57,2070765.48,Bunker One,580.8,880.96,BUNKERWORLD,2026-04-06
2022-02-18,119,Rotterdam,HFO,1521.95,539.44,821000.71,Integr8,1087.03,1688.54,BUNKERWORLD,2026-04-06
2022-02-03,137,Rotterdam,MGO,2389.19,772.91,1846628.84,Peninsula,673.76,2967.28,BUNKERWORLD,2026-04-06
2022-01-19,27,Hamburg,VLSFO,2591.05,610.91,1582898.36,Bomin,1228.2,713.78,BUNKERWORLD,2026-04-06
2022-02-25,140,Melbourne,HFO,437.51,735.01,321574.23,Bunker One,411.73,1413.88,BUNKERWORLD,2026-04-06
2022-03-21,107,Shanghai,LSMGO,1086.51,666.67,724343.62,Integr8,1117.64,2219.54,BUNKERWORLD,2026-04-06
2022-01-12,126,Houston,VLSFO,466.63,748.02,349048.57,Bomin,184.94,1638.62,BUNKERWORLD,2026-04-06
2022-01-06,117,Santos,MGO,2119.85,748.48,1586665.33,Bomin,978.73,955.73,BUNKERWORLD,2026-04-06
2022-03-05,55,Melbourne,LNG,923.72,803.59,742292.15,World Fuel Services,249.8,1226.27,BUNKERWORLD,2026-04-06
2022-02-25,39,Shanghai,MGO,2133.89,679.43,1449828.88,World Fuel Services,1924.5,2841.06,BUNKERWORLD,2026-04-06
2022-01-21,34,Montreal,HFO,1440.88,465.61,670888.14,Bomin,1838.01,2928.91,BUNKERWORLD,2026-04-06
2022-03-10,110,Singapore,LSMGO,1020.44,411.75,420166.17,Bomin,1795.45,1908.92,BUNKERWORLD,2026-04-06
2022-01-26,106,Shanghai,LSMGO,244.05,778.48,189988.04,Integr8,1890.43,1913.09,BUNKERWORLD,2026-04-06
2022-02-14,1,Busan,MGO,1883.72,382.34,720221.5,Peninsula,1494.9,2555.44,BUNKERWORLD,2026-04-06
2022-01-03,147,Montreal,VLSFO,2782.55,658.29,1831724.84,World Fuel Services,730.74,712.84,BUNKERWORLD,2026-04-06
2022-01-08,20,Hamburg,MGO,2883.61,531.68,1533157.76,Integr8,925.47,819.95,BUNKERWORLD,2026-04-06
2022-03-21,132,Busan,MGO,179.44,655.28,117583.44,Bomin,448.69,2770.44,BUNKERWORLD,2026-04-06
2022-02-13,86,Montreal,LNG,2309.09,802.85,1853852.91,Integr8,1534.41,2917.34,BUNKERWORLD,2026-04-06
2021-12-29,6,Rotterdam,LSMGO,1271.34,598.3,760642.72,Bomin,1813.48,808.07,BUNKERWORLD,2026-04-06
2022-03-03,57,Hamburg,MGO,1742.4,643.56,1121338.94,Bomin,871.6,2918.46,BUNKERWORLD,2026-04-06
2022-03-22,127,Rotterdam,MGO,2750.87,467.2,1285206.46,Bomin,1720.93,2879.42,BUNKERWORLD,2026-04-06
2022-02-19,28,Houston,MGO,243.39,431.09,104923.0,World Fuel Services,871.44,1978.34,BUNKERWORLD,2026-04-06
2022-03-24,103,Shanghai,VLSFO,2530.52,616.41,1559837.83,Integr8,629.81,2822.07,BUNKERWORLD,2026-04-06
2022-01-19,55,Santos,LSMGO,752.06,518.93,390266.5,Peninsula,911.0,844.76,BUNKERWORLD,2026-04-06
2021-12-31,3,Melbourne,LNG,331.03,712.84,235971.43,Bunker One,845.4,1000.68,BUNKERWORLD,2026-04-06
2022-03-10,118,Melbourne,LNG,1824.78,443.79,809819.12,Bomin,848.78,761.0,BUNKERWORLD,2026-04-06
2022-01-04,147,Singapore,LSMGO,2866.75,403.78,1157536.31,Bomin,1467.58,2329.02,BUNKERWORLD,2026-04-06
2022-03-02,76,Shanghai,LSMGO,2375.61,450.33,1069808.45,Bunker One,1400.71,2900.8,BUNKERWORLD,2026-04-06
2022-02-23,43,Shanghai,LSMGO,2302.92,448.34,1032491.15,World Fuel Services,1949.43,2105.78,BUNKERWORLD,2026-04-06
2022-02-13,82,Montreal,MGO,2233.96,536.85,1199301.43,Bunker One,969.16,1134.32,BUNKERWORLD,2026-04-06
2022-01-21,50,Montreal,VLSFO,2167.25,670.09,1452252.55,Bomin,1882.18,1863.44,BUNKERWORLD,2026-04-06
2022-01-13,18,Singapore,HFO,672.61,624.97,420361.07,Integr8,1924.32,1012.2,BUNKERWORLD,2026-04-06
2022-01-12,64,Dubai,LNG,2451.2,692.04,1696328.45,Bomin,759.45,1248.18,BUNKERWORLD,2026-04-06
2022-03-26,31,Montreal,LSMGO,428.82,678.42,290920.06,Integr8,1262.4,963.15,BUNKERWORLD,2026-04-06
2022-01-11,127,Hamburg,HFO,348.42,772.9,269293.82,Bomin,1749.88,1590.45,BUNKERWORLD,2026-04-06
2022-01-07,89,Dubai,HFO,1950.75,610.16,1190269.62,Bomin,1966.27,1829.37,BUNKERWORLD,2026-04-06
2022-02-05,131,Shanghai,VLSFO,1688.91,828.24,1398822.82,Peninsula,488.66,2824.12,BUNKERWORLD,2026-04-06
2022-01-04,69,Houston,HFO,2338.72,630.79,1475241.19,Bomin,1659.87,2438.97,BUNKERWORLD,2026-04-06
2022-01-04,100,Melbourne,HFO,2861.17,481.44,1377481.68,Bomin,1387.65,2053.58,BUNKERWORLD,2026-04-06
2022-02-21,43,Busan,HFO,1152.53,482.35,555922.85,World Fuel Services,191.12,556.34,BUNKERWORLD,2026-04-06
2022-01-24,7,Santos,LSMGO,142.18,578.22,82211.32,Peninsula,1116.11,1937.94,BUNKERWORLD,2026-04-06
2022-01-26,118,Shanghai,LNG,803.18,803.8,645596.08,Bunker One,1307.84,1535.03,BUNKERWORLD,2026-04-06
2022-03-13,10,Rotterdam,LNG,2527.48,803.6,2031082.93,Bomin,1475.38,1996.1,BUNKERWORLD,2026-04-06
2022-03-16,70,Santos,VLSFO,1790.32,812.14,1453990.48,Bomin,1419.4,1050.72,BUNKERWORLD,2026-04-06
2022-02-19,34,Melbourne,MGO,2340.99,560.68,1312546.27,Integr8,551.99,1428.32,BUNKERWORLD,2026-04-06
2022-02-19,145,Santos,LSMGO,2951.89,622.59,1837817.2,World Fuel Services,684.69,1002.28,BUNKERWORLD,2026-04-06
2022-02-27,8,Melbourne,VLSFO,2196.8,776.98,1706869.66,Bomin,1072.17,2214.36,BUNKERWORLD,2026-04-06
2022-03-24,139,Dubai,LNG,221.45,603.54,133653.93,Bunker One,1942.49,2190.16,BUNKERWORLD,2026-04-06
2021-12-29,124,Shanghai,VLSFO,540.09,828.97,447718.41,World Fuel Services,691.56,2657.39,BUNKERWORLD,2026-04-06
2022-03-08,121,Santos,LNG,1129.57,683.66,772241.83,World Fuel Services,1876.04,2942.31,BUNKERWORLD,2026-04-06
2022-03-06,50,Shanghai,LSMGO,1214.14,818.91,994271.39,Bomin,1911.7,1495.18,BUNKERWORLD,2026-04-06
2021-12-30,35,Shanghai,MGO,562.76,537.35,302399.09,World Fuel Services,856.81,2993.72,BUNKERWORLD,2026-04-06
2022-03-03,48,Busan,HFO,1778.35,383.92,682744.13,Bunker One,537.99,2540.05,BUNKERWORLD,2026-04-06
2022-03-04,42,Singapore,MGO,2295.21,434.84,998049.12,Bunker One,393.05,1570.51,BUNKERWORLD,2026-04-06
2022-01-03,83,Hamburg,LNG,984.64,564.89,556213.29,Integr8,664.48,2681.94,BUNKERWORLD,2026-04-06
2022-01-26,43,Shanghai,VLSFO,930.55,394.21,366832.12,Bomin,265.04,2047.79,BUNKERWORLD,2026-04-06
2022-01-25,64,Shanghai,HFO,741.05,615.12,455834.68,Integr8,259.6,1024.37,BUNKERWORLD,2026-04-06
2022-03-14,142,Melbourne,LNG,2853.88,813.82,2322544.62,World Fuel Services,1770.18,1285.43,BUNKERWORLD,2026-04-06
2022-02-25,1,Singapore,MGO,399.11,765.71,305602.52,World Fuel Services,701.02,818.03,BUNKERWORLD,2026-04-06
2021-12-27,57,Rotterdam,VLSFO,1886.86,816.5,1540621.19,Integr8,397.12,2006.58,BUNKERWORLD,2026-04-06
2022-01-13,67,Hamburg,HFO,1450.72,661.62,959825.37,Bomin,462.09,1954.03,BUNKERWORLD,2026-04-06
2022-02-07,62,Hamburg,LSMGO,2289.92,840.73,1925204.44,World Fuel Services,1762.48,2256.88,BUNKERWORLD,2026-04-06
2022-01-30,36,Montreal,LSMGO,2187.93,644.66,1410470.95,Bunker One,1594.91,1165.81,BUNKERWORLD,2026-04-06
2022-02-03,29,Santos,LNG,1331.37,637.59,848868.2,Bunker One,482.53,2293.7,BUNKERWORLD,2026-04-06
2022-03-08,21,Houston,VLSFO,1252.92,698.72,875440.26,Peninsula,880.77,1153.49,BUNKERWORLD,2026-04-06
2022-01-04,74,Dubai,MGO,1590.54,551.33,876912.42,World Fuel Services,1950.1,1100.59,BUNKERWORLD,2026-04-06
2022-02-19,147,Melbourne,LSMGO,2362.27,771.16,1821688.13,Bunker One,499.8,2942.43,BUNKERWORLD,2026-04-06
2022-01-19,117,Shanghai,MGO,1792.07,534.69,958201.91,Integr8,373.42,2979.92,BUNKERWORLD,2026-04-06
2022-03-16,18,Dubai,MGO,1614.52,678.53,1095500.26,Peninsula,1051.11,2982.21,BUNKERWORLD,2026-04-06
2022-01-02,64,Santos,HFO,731.96,560.31,410124.51,Bunker One,669.27,2581.5,BUNKERWORLD,2026-04-06
2022-03-02,73,Hamburg,MGO,1594.29,379.02,604267.8,Bunker One,1444.99,1588.71,BUNKERWORLD,2026-04-06
2022-03-21,54,Rotterdam,LNG,172.87,459.79,79483.9,Integr8,771.65,1424.52,BUNKERWORLD,2026-04-06
2022-02-14,32,Melbourne,HFO,234.71,407.01,95529.32,Bomin,1024.73,2121.81,BUNKERWORLD,2026-04-06
2022-02-03,81,Dubai,LSMGO,402.91,431.35,173795.23,World Fuel Services,772.47,1669.26,BUNKERWORLD,2026-04-06
2022-02-04,74,Houston,LSMGO,844.83,786.97,664855.87,Peninsula,540.57,1266.04,BUNKERWORLD,2026-04-06
2022-02-19,31,Rotterdam,LNG,1571.5,355.44,558573.96,Bomin,1139.15,1691.53,BUNKERWORLD,2026-04-06
2022-03-10,10,Dubai,LSMGO,280.37,825.7,231501.51,World Fuel Services,218.9,1789.28,BUNKERWORLD,2026-04-06
2022-03-12,148,Rotterdam,LSMGO,2410.99,656.92,1583827.55,Integr8,275.19,2476.48,BUNKERWORLD,2026-04-06
2022-01-16,112,Montreal,MGO,2322.6,486.07,1128946.18,Bunker One,284.1,2716.45,BUNKERWORLD,2026-04-06
2022-01-30,109,Dubai,LNG,866.58,806.53,698922.77,Bomin,813.57,2176.85,BUNKERWORLD,2026-04-06
2022-01-17,106,Montreal,LSMGO,117.86,742.46,87506.34,World Fuel Services,1685.41,1741.19,BUNKERWORLD,2026-04-06
2022-03-08,1,Busan,HFO,1144.64,386.3,442174.43,Bunker One,1184.81,2728.93,BUNKERWORLD,2026-04-06
2022-02-25,96,Montreal,VLSFO,119.83,352.87,42284.41,Bomin,1674.79,2354.15,BUNKERWORLD,2026-04-06
2022-03-26,3,Hamburg,MGO,665.81,469.83,312817.51,Bunker One,1454.75,675.38,BUNKERWORLD,2026-04-06
